word,Freq
black,2853
dog,6155
is,6907
running,1587
after,145
white,2921
in,14085
the,13511
snow,1164
chasing,144
brown,1995
through,1533
two,4246
dogs,1620
chase,29
each,318
other,564
across,353
snowy,318
ground,270
play,576
together,314
low,54
lying,69
body,141
of,4967
water,2007
little,1266
baby,322
plays,392
croquet,5
girl,2414
next,535
to,2305
truck,64
child,1119
playing,1485
croquette,1
by,901
kid,137
front,996
car,318
with,5763
put,17
and,6672
ball,1326
boy,2633
hammer,4
beside,172
has,428
something,251
hot,26
pink,543
its,698
mouth,736
holding,972
hat,493
shirt,1361
carrying,341
while,1442
walking,869
looking,563
forward,18
along,380
beach,730
wearing,2271
collar,136
walks,400
on,8001
sand,334
near,752
large,894
ocean,313
red,1976
frisbee,239
standing,1302
sandy,91
drops,4
disc,18
flying,112
air,766
catching,81
dropping,8
cyclist,51
helmet,288
riding,698
pavement,38
bike,647
street,697
person,1118
down,1362
woman,2543
wears,86
blue,1667
as,625
she,62
goes,54
for,706
ride,196
shade,15
roa,6
man,5372
dressed,409
purple,244
bandanna,32
smiles,138
at,2101
people,2092
watching,188
him,294
leather,49
chaps,4
chainmail,1
codpiece,1
poses,100
camera,520
stands,654
onlookers,35
there,229
men,855
tshirt,125
woodland,14
runs,724
some,453
trees,193
young,1976
dancing,108
around,487
short,53
sleeved,9
jeans,174
stops,12
smile,86
dress,260
back,283
grenade,1
smiling,353
braids,3
looks,373
green,924
skier,132
yellow,929
jacket,504
airborne,55
above,163
mountains,146
jumps,726
high,211
view,69
skiing,82
fluorescent,1
very,131
it,289
though,17
he,151
somone,1
doing,309
ski,66
jump,296
pants,204
appears,29
almost,14
fly,27
into,757
sky,105
photographer,21
over,1062
hills,21
videotaping,2
natural,13
landscape,33
out,553
rolling,32
tripod,11
lady,166
her,860
set,78
up,899
field,973
record,7
bunch,43
girls,638
cheerleader,15
outfits,45
group,909
cheerleaders,16
parade,58
perform,21
many,135
walk,229
uniforms,81
boat,202
canopy,6
floating,28
calm,8
waters,21
roof,10
middle,116
solitude,1
floats,14
lake,228
catches,97
midair,148
terrier,25
mix,3
leaping,100
object,122
old,134
sitting,1018
an,1807
advertisement,10
asian,149
waiting,82
underground,4
train,78
stop,23
sits,437
transit,2
station,24
backlit,8
subway,57
umbrella,74
aquos,1
commercial,2
wall,436
blond,144
trail,108
side,222
metal,88
fence,268
coat,205
rural,34
road,299
flute,10
parka,11
fenced,36
past,120
enclosed,10
area,291
family,55
nine,2
including,7
four,365
children,837
pose,170
brick,121
fireplace,10
mantle,2
christmas,29
tree,323
posing,220
happy,15
couples,8
kids,260
picture,304
sweater,80
pointing,39
one,872
arms,198
outstretched,30
finger,25
pointed,6
another,713
stares,16
from,700
behind,491
who,162
his,1711
look,184
toward,109
points,37
index,1
hallway,15
warily,1
investigating,1
medium,22
sized,21
small,940
larger,27
grassy,356
big,216
tall,109
grass,1210
three,1047
flowers,109
stuffed,48
kitten,4
garden,48
among,33
wildflowers,3
palying,1
toy,464
cat,41
long,213
raises,28
eyebrow,2
stripes,15
handicap,2
signs,30
african,31
american,66
building,372
handicapped,3
space,10
orange,556
backwards,19
wet,134
stick,369
shore,113
bounds,11
splashing,96
off,526
paws,21
carries,111
are,2624
racing,178
ractrack,1
race,299
track,218
greyhounds,39
muzzles,20
inside,139
curb,21
railed,3
dirt,398
run,275
baseball,220
pitcher,10
shelton,1
throws,50
player,540
glove,13
pitches,4
male,85
sports,46
outfit,106
tries,72
catch,274
wades,10
rock,566
waded,1
shallow,98
reach,20
outcropping,7
light,117
paw,5
about,110
ready,97
exit,1
swim,71
school,31
cross,34
takes,127
outside,600
photograph,29
taking,152
pictures,51
women,480
stand,390
jean,22
hand,252
chest,20
bruised,1
nose,70
writing,25
hands,179
video,33
rental,1
store,85
denim,23
bookcase,1
full,44
videos,1
house,95
sunglasses,183
flowered,17
sit,282
nearby,105
left,63
adults,85
perhaps,2
display,40
case,19
digital,6
glass,49
sides,20
holds,322
sideways,12
arm,115
snowboarder,167
ramp,227
snowboard,70
performing,130
trick,285
making,117
icy,13
mountain,389
climbers,25
line,109
their,510
way,41
covered,229
background,426
facing,37
jumping,1103
hoop,37
ring,54
using,53
laptop,11
cellphone,74
against,154
use,3
electronics,3
bench,294
engage,4
electronic,7
devices,3
races,32
number,76
greyhound,62
muzzle,25
six,51
tan,306
gold,50
muxzzled,1
edge,131
cliff,156
scouts,3
rest,20
bluff,4
overlooking,81
top,378
couple,187
wooded,79
them,189
lined,25
friends,17
stroll,1
forest,126
path,223
woods,153
pat,3
sponsored,4
riwal,1
smoking,46
tires,22
drives,36
rain,36
driving,55
headlights,3
advertising,11
rainy,4
lights,30
raceway,3
bearded,39
whilst,124
bicycle,293
bicycles,44
hair,315
gives,25
peace,23
sign,173
cap,139
flashing,2
sig,4
crowd,351
waving,37
flags,61
passing,25
under,184
bridge,103
or,65
banners,6
gets,82
pull,25
chair,92
meal,10
table,171
cafe,16
restaurant,58
eatery,1
getting,84
grabs,9
seat,37
racket,39
round,26
handle,8
playes,1
stringless,1
backyard,49
lawn,84
clothing,90
yard,156
toys,37
enjoy,13
themselves,15
wind,11
blows,26
trampoline,80
blonde,148
twirl,1
bicyclists,19
between,98
wire,32
fences,4
cyclists,21
country,13
electricity,1
pylon,2
desert,39
bikers,26
dry,65
land,21
climbing,373
steep,41
hill,336
climbs,144
great,5
dane,1
spins,12
merrygoround,13
childern,1
merry,3
go,41
watch,176
fathers,1
spinning,25
playground,130
that,296
skirt,61
golden,88
retriever,33
excitedly,1
greeting,1
towards,173
away,120
greet,3
dooorway,1
bus,55
onward,2
door,47
vehicle,62
glancing,1
window,110
trolley,1
passengers,5
peaking,2
peering,3
hiding,9
peeking,7
striped,158
peeks,8
hold,72
drinks,49
point,13
bottles,10
several,238
this,113
photo,65
beers,3
border,8
collie,23
bed,111
tennis,317
climber,95
peak,16
rocks,185
snowcapped,12
hikes,12
following,17
surrounded,134
distance,78
smoke,29
comes,13
starts,6
broken,14
during,137
badly,1
racetrack,43
bullbranded,1
leaves,90
bags,63
igloo,5
cave,19
luggage,13
overnight,1
stay,2
backpacks,28
piled,3
ice,159
visible,12
hole,36
starting,12
steps,101
murky,12
putting,27
legs,96
pon,3
busy,75
city,229
silhouette,19
buildings,43
crowded,53
thre,1
shot,41
turned,15
chases,76
threw,3
interacting,8
opposite,24
direction,18
fetch,23
also,17
outdoors,126
cameras,6
third,30
river,159
skis,58
backdrop,3
face,371
rope,184
swimming,342
creek,30
pond,67
rotweiler,2
playfully,26
rolls,18
int,5
chewing,36
resting,33
game,279
elderly,69
straw,26
alone,25
park,375
haired,112
gray,114
darkhaired,6
beard,48
guitar,118
attractive,3
halo,2
head,264
ceiling,8
wide,40
drink,85
upward,3
reading,65
paperback,3
book,61
elder,4
scarf,54
older,174
reads,35
consulting,1
looker,1
motocross,34
spill,1
zipping,1
slips,1
motorcycle,186
tight,10
turn,62
motorbike,24
bright,96
someone,111
fall,33
rider,143
accident,2
cots,3
sleeping,44
makeshift,5
beds,3
hanging,130
mountainside,21
skateboarder,239
skateboard,329
hopes,3
landing,25
teenage,47
flipping,12
tricks,75
dark,179
colored,133
protest,10
banner,11
staring,43
religious,8
sidewalk,278
poster,9
word,1
mambo,3
image,16
teddy,6
bear,18
showing,34
humping,3
stool,11
trying,121
sell,4
animals,28
selling,8
various,17
vendor,11
sells,5
visitors,2
inflatable,57
guy,172
navy,9
shorts,282
pool,509
football,375
trunks,66
strange,14
antics,1
diving,47
plastic,104
slide,234
portion,2
equipment,62
shaded,3
fire,76
baton,3
day,91
juggling,8
flames,11
bubbles,70
float,23
popping,5
woven,3
toboggan,3
knitted,2
right,62
poof,1
woolen,1
shoes,63
sandals,18
tug,24
war,18
pulling,78
end,44
tugofwar,6
rottweiler,4
outsid,1
surf,63
wave,227
surfers,16
surfing,68
attempting,38
sea,24
huge,77
sunset,49
rides,335
biking,19
dirtbikes,2
muddy,67
slope,64
crossing,42
buses,4
headwraps,2
hurrying,3
heads,37
night,122
phone,42
talks,39
nigh,1
pile,51
rail,80
snowpile,1
stunt,60
soccer,453
uniform,187
kick,52
match,34
watches,200
knee,14
female,83
break,24
driver,21
wheel,51
thumbs,16
before,27
polka,12
dots,4
boots,51
hurridly,1
hip,4
kimono,2
purse,34
followed,11
redheaded,21
pedestrians,8
meandering,1
casually,2
barefoot,36
beac,13
cute,7
puppy,73
fetches,7
chew,14
fluffy,47
rings,9
gras,13
dock,61
laughing,77
bucket,36
splashes,50
pier,20
beneath,13
dances,41
room,94
balloons,21
floor,96
socks,7
wooden,209
strewn,6
strings,6
confetti,6
bluejean,1
wood,52
mother,30
chinatown,1
both,64
awnings,2
ledge,60
scales,11
tent,56
being,244
enter,6
fishing,75
setting,58
hut,9
iced,2
tarp,8
structure,60
surface,47
few,46
foam,14
statue,47
liberty,4
hats,76
statute,1
crowns,1
take,65
photos,7
new,8
york,3
get,88
taken,20
fight,58
daschunds,1
wiener,2
jersey,87
leaps,146
dives,14
going,111
begin,3
sheer,13
climb,68
pretty,4
flat,12
rocky,188
card,5
know,2
what,15
picure,1
says,24
referring,1
periods,1
they,90
bathing,80
suit,182
sprinklers,16
sprinkler,40
sliding,100
paddling,29
kiddie,10
lone,59
flies,73
leafless,5
pulled,31
shovel,12
scoop,2
skyward,2
pictur,5
distorted,8
open,150
ends,8
bottom,35
just,39
reaching,28
lands,9
reaches,22
slid,6
piano,9
sings,11
harpsichord,1
preparing,26
sing,10
singer,8
pianist,1
music,26
bares,4
teeth,37
tongue,94
expanse,3
curly,31
violin,24
boe,1
transparent,2
walls,9
posters,5
rubbing,5
chin,6
be,63
cover,17
teenager,17
struggles,3
carry,12
piggyback,3
walkng,1
paved,37
piggy,5
covering,24
arab,3
turban,3
facial,6
palestinian,1
style,10
headscarf,20
grey,183
bird,147
majestically,1
waves,97
roll,7
crane,11
upon,4
onto,155
pole,115
swings,91
silver,51
swinging,106
bounces,7
leotard,9
straddle,1
split,4
hello,5
kitty,5
does,171
leg,44
splits,4
leans,38
board,93
platform,36
skateboarders,10
eating,112
seeds,5
eats,35
sunflower,1
clinging,3
stone,103
friend,25
helps,17
help,15
learning,3
how,10
helping,20
sweatshirt,56
competitor,2
not,13
far,10
racer,36
slightly,10
competition,38
circuit,6
dirtbike,1
cheering,8
grabbing,12
ankle,5
oklahoma,15
score,8
fans,11
cheer,9
endzone,1
athlete,12
performs,72
launching,1
herself,16
bar,83
vault,3
vaulting,1
vaulter,1
upside,68
attempts,43
feet,63
do,45
vaultin,1
gap,1
flip,62
blocks,16
concrete,82
carefully,6
crosses,17
reflection,11
cinderblock,1
caught,23
pajamas,12
hall,9
hardwood,8
floors,4
floored,4
brighly,1
lit,31
toddler,124
chairs,55
kneel,4
folding,9
row,25
talking,118
spotted,27
fast,40
seated,32
stadium,28
event,47
fill,3
packed,6
indoor,29
dig,4
duck,26
pet,10
chased,13
parachute,22
lifting,7
attached,41
parasail,6
suspended,19
silhouetted,8
sunny,45
gliding,11
backed,1
sun,83
skateboarding,94
slides,64
railing,88
shines,6
skating,56
stair,15
sliiding,1
have,51
pillow,12
pillowfight,1
having,30
skates,29
neck,32
grazes,3
flight,25
boats,33
boxing,15
boxers,4
fighting,96
box,39
faces,56
funny,28
makes,79
glasses,136
rusty,7
barks,10
barking,23
bark,4
hose,36
pouring,13
drinking,83
which,38
squirted,9
swimwear,2
floaters,1
wings,32
swimsuits,14
lacrosse,7
players,221
struggling,4
control,10
team,120
breaks,4
hit,55
hockey,143
type,16
sport,15
like,63
sticks,43
guys,67
all,96
saying,9
free,7
dinner,8
cement,59
skate,49
prepares,44
wipeout,1
hugging,52
embracing,7
hugs,10
dunks,4
basketball,270
make,40
basket,28
goal,55
dunking,5
grinding,31
snowboarding,44
steel,4
guardrail,2
homemade,8
made,21
piece,47
log,42
midleap,2
crystalclear,1
wrapped,15
tape,8
painters,1
brother,10
superman,7
cape,12
cast,12
material,4
super,2
heroe,1
airplane,15
plane,16
jet,16
runway,2
propeller,1
pilot,2
seen,28
windows,9
headfirst,15
digging,32
poking,4
brush,10
digs,14
greenhouse,6
gardening,2
tools,6
tend,2
work,11
rakes,1
unfinished,1
fishes,14
rod,5
jetty,4
boys,485
living,10
shown,21
wear,38
tshirts,8
computer,22
monitor,5
eat,19
cream,36
dolly,2
adult,84
sat,7
ate,1
world,4
college,8
tackled,15
jerseys,22
tackle,29
tackling,15
uniformed,12
try,29
fan,9
devotion,1
painting,32
paint,44
within,9
nfl,1
painted,49
bleacher,1
dalmatians,3
spots,22
palm,15
palmtree,1
route,3
treelined,5
stretch,8
signage,1
displaying,4
paintings,4
framed,5
artwork,3
sale,3
sno,9
desolate,2
shirts,97
fallen,52
dead,22
church,13
bicyclist,47
aerial,7
scooter,44
suburban,6
neighborhood,14
scoote,1
center,13
rollerblades,27
rollerblader,16
narrow,14
grinds,21
rollerblading,22
ledg,2
participate,9
martial,23
arts,16
tournament,5
mat,18
protective,16
gear,97
spar,3
helmets,32
sparring,5
skateboards,38
skater,22
skids,1
teeshirt,1
flag,65
headband,37
vest,71
indoors,26
baring,4
handrail,26
foot,32
indian,14
crossed,14
folded,7
ethnic,2
outdoor,87
market,28
shining,6
graffiti,44
plank,7
no,65
viewing,2
hung,1
gallery,14
naked,24
individuals,9
chinese,7
ladies,36
bank,22
lockers,6
locker,1
retrieves,11
slimy,1
seaweed,2
coming,62
mossy,2
hiker,66
descends,8
hiking,56
bringing,3
leafy,14
gravel,36
amidst,13
autumn,11
others,127
laugh,25
touching,20
laughs,24
fun,13
blowup,4
onrushing,1
splash,34
wading,35
shallows,4
bald,52
drag,9
queens,1
dresses,63
matching,30
jewelry,7
clothes,108
formally,2
jumped,26
sniff,2
somthing,4
walkway,21
biker,122
moving,27
bump,2
wate,17
furry,45
doorway,25
leading,12
plants,27
patio,12
potted,5
hairy,5
step,27
formula,1
cars,52
leave,4
start,7
twilight,3
beginning,7
see,21
racers,15
sled,82
harness,62
pack,23
grouped,1
winter,86
soaking,6
rockclimbing,2
wheelie,23
terrain,27
clutching,3
turquoise,8
guard,10
thin,11
markings,14
ears,56
somersault,4
throwing,75
tossing,13
touches,17
challenging,6
teams,40
quickly,24
meadow,11
surfer,127
crashing,22
follows,25
surfboard,117
laying,140
power,6
lines,7
unusual,5
shaped,17
stump,18
teammates,4
referee,24
breaking,15
intervening,1
artist,10
canvas,4
overalls,25
easel,3
coverall,1
paintbrush,2
shady,3
travels,8
heavily,10
fangs,2
german,54
shepherd,53
leash,105
somebody,3
leashed,8
falling,61
backward,4
urban,33
partially,16
bandmates,1
guitars,8
suits,43
electric,7
musicians,11
associated,1
curtain,5
blouse,2
frolics,7
panes,1
mini,6
africanamerican,8
moped,3
heels,10
pumps,5
scar,1
lap,29
steers,5
suv,9
drivers,3
jeep,30
technical,2
supported,2
cords,5
abseiling,3
repelling,4
flock,16
birds,36
disturbed,1
mural,10
pigeons,24
bride,42
escorted,2
newly,3
wed,2
wife,2
held,49
pastor,1
newlyweds,2
polo,8
hides,6
overgrown,2
bushes,27
grasses,3
boogieboard,2
cushion,7
spiderpatterned,1
base,29
close,35
incoming,5
dirty,36
crashes,6
beyond,5
relaxing,14
trench,7
waits,34
sculpture,16
bikini,46
pulls,24
taller,2
eyeglasses,2
skaters,6
rink,19
scenery,6
mountian,2
netting,1
bounce,14
filled,31
bouncy,7
castle,4
swimsuit,39
tightrope,8
students,15
campus,5
quad,4
but,19
falls,27
practice,5
throat,1
asking,8
daughter,11
nice,5
pretending,9
choke,1
joking,1
biting,59
limb,6
branch,39
gnawing,5
plant,13
uncut,6
barrel,18
snarls,2
buckets,12
poles,42
seven,26
teenagers,26
wait,33
gate,23
shit,2
puts,24
gesture,5
raised,17
illustrated,1
newspaper,27
kitchen,39
owner,25
retrieving,15
dining,4
paper,57
tile,8
sharing,8
kiss,19
cold,22
kissing,39
taxi,2
passes,18
teen,10
coats,25
corrugated,1
tunnel,53
halloween,9
eyes,75
crawls,15
beautiful,32
tube,38
leads,19
casterol,1
branding,1
trucks,5
five,130
obstacle,92
course,104
racin,1
elephant,12
draped,2
fabric,14
trunk,24
brightcolored,1
colorful,160
drap,1
foliage,13
swimmers,11
move,16
mud,89
puddle,70
nearly,5
identical,11
dump,1
pour,2
poured,2
treated,2
shirtless,74
couch,60
beaded,3
disk,7
snowcovered,36
sleeding,1
helme,2
show,40
support,4
statefarm,1
com,3
wheeled,9
topples,2
tricycle,14
pedal,3
wheels,14
threewheeled,5
throught,2
carnival,30
worker,16
animal,74
prizes,3
amongst,7
shelf,3
riverbank,3
camps,1
camping,13
patches,7
supplies,3
ditch,8
facepaintings,1
pain,4
painte,1
dribbles,17
north,2
carolina,2
moves,17
tea,4
coffee,19
gather,28
beverages,3
home,25
outstreached,7
begins,15
spreads,4
plaid,41
print,12
touchdown,2
rescue,5
follow,9
lead,16
flips,19
canoe,52
still,11
drifting,2
fat,8
traveling,11
stairs,80
stepping,5
blackandwhite,4
shaggy,25
foreground,24
inlineskates,1
fisheye,1
public,34
mulch,1
stirring,1
dust,12
sooners,19
lifted,7
teamates,1
same,43
athletes,6
headless,1
mannequins,3
waterfall,60
onlooker,1
overlooked,2
massive,4
waterfalls,6
guns,4
pavillion,1
shooting,30
beige,39
athletic,12
coach,14
nike,3
whistle,4
beagle,11
basset,1
hound,5
costumes,43
frame,22
unseen,6
multicultural,1
excited,8
audience,25
pointin,1
parallel,8
kicks,49
opponent,8
compete,14
karate,13
belts,3
clapping,5
ran,8
flexible,2
lift,11
skiers,23
shakes,26
shaking,47
hoodie,25
horse,190
jockey,14
performer,6
lecturer,1
stage,38
spectators,41
onstage,21
presentation,4
mixing,2
aged,13
dj,5
deck,29
pretends,4
younger,33
tables,13
acts,1
meet,6
goggles,54
swimmer,19
competitive,3
apple,10
place,17
bag,103
hips,5
tattoed,1
backpack,129
tattoo,15
clown,23
skydiver,2
safely,2
parachutes,3
landed,2
para,2
gliders,1
practicing,19
craft,4
exercises,3
roughly,3
clearing,6
rough,35
manner,2
collars,10
extreme,6
climbin,2
backpacker,7
carring,4
uses,23
camcorder,4
films,4
enjoyable,1
tosses,6
empty,32
bottle,48
dug,3
agile,1
closely,4
clear,41
volleyball,47
talk,30
bikinis,11
marketplace,7
ascending,7
mountai,3
horizontal,7
watche,4
shephard,4
lak,4
pair,14
schoolchildren,1
spray,30
fountain,129
splashed,26
sprayed,13
manuals,1
closeup,57
backside,1
screen,19
life,69
unicycle,36
riverside,1
steamboat,1
lining,7
coastline,3
location,5
ferry,4
shoreline,18
docked,4
exploring,2
riverboat,1
dolphin,6
pokes,5
shoe,16
horseshoe,3
horseshoes,4
corner,44
shoulders,24
these,24
noses,9
numbers,9
dune,19
brilliant,2
weathered,1
watercraft,7
swing,258
strikes,3
medatative,1
gestures,10
meditational,1
closed,20
camer,4
poodle,32
sticking,45
butt,3
bigs,1
inspects,3
tattooed,7
gentleman,15
half,22
relaxes,10
adobe,1
where,32
propped,4
parked,33
topless,12
slippers,2
reclining,2
snowbank,9
kneeling,22
ridge,12
backgroun,10
ancient,4
muscle,3
pass,15
fitls,1
tourist,2
sleeveless,6
floppy,9
emerald,1
spaniel,3
shawl,4
cigarette,59
sweatband,1
blanket,49
hooded,26
pipe,23
burned,1
incense,4
daschund,2
bubble,32
machine,21
bites,20
blowing,48
swims,77
chunk,4
mittens,4
throw,41
snowball,17
grins,6
clump,1
paddles,21
vertical,6
approaching,10
backs,26
varied,2
activities,1
tank,67
official,6
marshlike,1
mucky,1
mostly,10
swampy,4
rubber,23
chickens,7
chicken,5
eight,12
balls,45
fee,1
bottoms,6
pushes,37
stroller,19
brunette,15
pushing,51
carriage,15
females,12
senior,2
flaring,1
hurdle,69
sho,1
lay,17
hang,26
snowman,6
flower,41
paisley,1
yuong,1
figure,16
costume,95
party,46
blood,3
branches,14
europe,1
offcamera,7
bends,9
alley,9
pairs,5
alleyway,4
domed,1
cowboy,37
lasso,6
twirling,4
bull,38
baggage,2
cart,57
carrier,5
rack,6
shopping,62
apart,6
camouflage,26
blow,19
varying,2
breeds,5
sledding,13
snowsuit,14
dogsled,2
town,14
leashes,18
stree,6
strap,5
bite,24
shorthaired,6
snapping,2
strip,16
steering,7
ship,14
navigating,4
partly,5
cloudy,15
skies,7
piloting,1
sailor,4
sailboat,7
aligator,1
puppet,2
camper,2
van,14
rv,4
peer,1
peek,2
snake,6
lean,20
different,28
tub,10
bin,6
multicolored,26
pen,11
enclosure,7
pit,14
shares,1
cutout,9
cut,23
outs,1
balloon,34
dolls,1
drawings,2
only,21
underwear,11
marker,11
write,1
drawing,12
fellows,1
markers,2
toll,1
safety,26
pipes,1
fluorecent,1
neon,15
ribbons,10
won,1
competing,27
kill,1
weirmeiner,1
bir,1
covers,7
jumpinjg,1
stonesign,1
vests,16
penzance,2
welcomes,1
you,17
hiviz,5
jackets,51
welcome,1
carved,3
proud,1
returns,8
fetched,1
horses,77
pony,6
stare,11
crumbling,2
structures,5
reflections,1
edg,1
feild,3
shop,38
mall,6
food,68
court,64
art,32
false,2
turns,15
ladder,19
reached,4
mesh,4
darkheaded,1
popsicle,4
frozen,22
treat,9
eyed,4
curious,4
adventures,1
ahead,17
gymnastic,4
ropes,32
harnesses,9
aid,3
balance,12
dangling,6
straps,7
kicking,55
miami,18
university,7
grafitti,2
graffited,1
scene,33
classic,5
wellkept,1
thrown,29
bal,9
downwards,2
dancers,7
housekeeping,1
dance,52
prepare,6
waitresses,1
chef,2
hillside,19
footbride,1
kayaker,13
kayaking,20
kayak,53
raging,2
strong,2
currents,1
rafter,2
spot,9
bigg,1
neither,1
metallic,1
warmly,7
blurry,20
bystanders,1
tag,10
touch,12
riders,27
shoulder,36
motorbikes,6
farm,11
sheep,37
rallies,1
lamb,1
goat,11
places,2
slab,2
twisting,5
graffitied,9
skewed,1
sucker,1
hollywood,2
stars,9
examines,2
fame,1
bridal,7
wedding,35
ten,4
groom,14
except,4
groomsmen,5
bridesmaids,9
launch,4
well,11
cane,3
lays,43
rests,19
stream,71
eye,21
dads,2
quarter,3
bush,10
hil,2
brownishorange,1
photographs,11
canal,8
muzzled,26
numbered,13
prisoner,3
sexy,2
police,38
officer,17
cop,5
jailbird,1
fake,17
fliers,1
mask,62
tie,23
handing,5
papers,6
button,7
masked,3
business,10
attire,15
fawkes,1
straight,11
profile,4
blurred,10
barefooted,4
hero,2
bicycler,8
vans,1
funky,1
raced,2
bicycl,1
pop,6
weather,10
ca,4
happily,19
curlyhaired,2
poised,4
candles,13
candle,6
lighting,8
cemetery,1
elephants,4
ridden,12
colors,18
turbans,4
eastern,15
give,8
chubby,5
buff,1
weights,2
remote,1
peers,4
bulky,1
device,15
pad,7
grip,1
note,3
writes,6
notebook,2
rather,1
swerves,2
motorcyclist,42
speed,21
sharp,19
crouches,22
rounds,5
pops,5
bmx,50
trials,2
graffitifilled,2
without,17
boarding,12
gazebo,2
trotting,11
stuck,15
offroading,1
trails,5
pine,19
wheeler,9
atv,31
drive,16
net,43
beijing,1
olympics,3
logo,9
skimpy,12
soaring,6
underneath,19
chutes,1
batting,6
sweaters,7
wade,9
military,18
speak,4
whites,1
crying,13
comfort,2
bending,13
assist,2
checking,7
dappled,2
walked,4
owners,9
hits,37
bat,64
catcher,17
teal,6
japanese,14
aqua,10
pocket,2
handstand,31
sheets,5
sidewal,6
railling,1
lab,20
headlong,2
farmland,1
knoll,1
below,44
headphones,37
curvy,4
overshirt,1
chrome,1
elevator,5
kites,9
range,23
flown,1
doghouse,1
bedroll,1
youn,3
camel,17
camels,12
trots,5
agility,17
lifts,8
barechested,3
launches,4
asleep,15
machines,7
slouched,1
atm,5
withdrawing,1
money,17
brwon,1
sleeps,10
maroon,6
dalmatian,5
dalmation,4
chews,19
hind,44
lambs,5
bakery,1
counter,23
buying,3
handbag,6
lunch,3
shoulderbag,1
grocery,19
trotted,1
corn,15
cob,3
nibbling,2
ear,27
listens,6
mobile,8
devic,1
rising,2
come,6
sets,10
horizon,12
cricket,31
participating,6
opposing,31
stoops,2
pick,6
watermelon,4
picking,18
watermelons,2
flowery,9
stretches,10
mats,5
circle,12
brightly,29
retangular,1
teaches,4
yoga,4
festival,9
learn,2
stretching,8
upwards,3
crosslegged,2
stocking,2
plain,14
semicloudy,1
puppies,35
slam,2
coconut,1
interested,4
flotation,1
grab,16
donut,3
intertube,2
tuxes,2
ties,4
share,8
toast,1
alongside,28
sister,7
mickey,6
mouse,9
adorn,1
angle,3
non,1
professional,27
hdr,1
plate,29
guarding,4
runner,29
cathcer,1
softball,31
block,25
khaki,10
pours,8
wine,12
dim,5
glas,1
bystander,1
shrubbery,2
widebrimmed,1
column,5
belongings,7
pillar,3
time,15
lot,81
twigs,2
weimaraner,1
fatigue,1
balding,4
choppy,6
wetsuit,68
rapids,31
rafting,14
whitewater,5
turbulent,1
reacts,2
loops,1
earth,3
loop,2
aerobatic,1
coiled,1
leaving,17
single,11
file,2
exhibit,7
archways,1
class,18
arches,1
columns,4
attrative,1
barbed,4
porch,14
skimply,1
clad,8
cowgirl,5
barbwire,2
scantily,5
threatening,1
cavort,1
special,5
contestant,1
dish,9
towel,13
dishtowel,1
cloth,25
boxer,8
pillowcase,1
pitbull,15
gallops,2
cresting,1
uphill,10
watched,21
sneakers,12
highway,7
retreiver,1
hilltop,2
item,19
ribbon,18
elegant,3
horns,5
heard,1
goats,6
cluster,3
graze,2
earphones,5
amused,3
surprised,3
exciting,1
fiel,22
marsh,6
frosty,2
foggy,14
flakes,1
strollers,9
pushed,9
mothers,1
inertia,1
first,16
pausing,1
bikes,60
chat,4
leas,2
fist,6
gloves,30
incredible,1
hulk,1
giant,29
even,2
raining,1
circular,5
perched,6
mushroom,1
opening,9
atop,28
kneels,22
sprays,7
push,11
policeman,15
crosswalk,18
directs,2
traffic,36
pedestrian,5
carves,3
chainsaw,7
carving,7
shaving,1
saw,2
sculptur,1
reflective,12
reflected,1
layer,1
racquet,16
blacktop,4
parking,58
foal,2
colt,1
printed,3
attempt,15
convert,1
goalie,34
socce,1
dreadlocks,11
bowls,6
wicket,2
twenties,1
liquid,4
mug,10
distored,1
oxford,2
beer,39
sipping,3
liqui,2
lunges,5
irish,4
setter,2
flashlight,1
cruise,1
balcony,19
controlling,2
fleece,3
bouncing,18
gated,5
housing,2
complex,2
hopping,3
yar,3
magazines,5
interracial,2
tatoos,1
master,4
fruit,14
linet,1
farmers,3
fish,37
connected,4
bamboo,4
crime,1
paddle,28
father,15
oceanside,1
tossed,7
monkey,20
bars,33
jungle,19
gym,38
messily,3
pasta,4
spaghetti,3
mess,8
skiiers,9
dachshund,6
shine,3
customer,3
sites,2
shoeshine,1
shiner,2
customers,2
cones,16
observe,4
pads,8
really,5
closes,2
wand,8
cramped,2
speaks,13
cup,42
dad,4
celebrates,1
birthday,13
via,1
web,3
cam,3
celebrate,4
cake,16
hurdl,2
wintry,4
blooming,1
jumphouse,1
seating,5
inflated,4
parents,6
collapsing,1
facepaint,4
skull,16
motorcycles,24
motorcyclists,7
hoodoos,1
interesting,7
formations,5
shapes,1
licking,29
explores,1
sniffing,20
fores,4
desk,11
meeting,5
modern,4
decorated,21
gathered,44
clouds,21
lots,19
raising,14
screaming,4
parachuting,5
paraskier,1
paragliding,1
ponytail,13
paying,3
pouting,1
lips,14
longhandled,2
tool,5
elbow,1
inline,15
rug,19
carpet,37
checkered,12
tugs,3
tiger,16
colorings,1
grayhound,1
fisher,1
intensely,1
allwhite,1
picnic,16
hops,3
snowfield,2
hike,21
barren,11
bend,19
gymnastics,7
deeper,1
seashore,5
shows,26
flexibility,1
fur,24
balances,21
staircase,23
scaling,14
repels,3
spandex,2
studio,6
tops,13
clothed,4
soars,6
slopes,6
surrounding,20
smaller,49
tail,15
sniffs,12
joker,1
batman,12
makeup,26
policewoman,2
streaked,2
giving,29
panel,3
upturned,3
glasse,1
celebrating,4
beret,4
mustache,7
conversation,4
suprised,1
finds,2
joy,7
sloppy,1
puddl,1
sticker,1
name,3
badge,3
flickr,1
chain,25
dobbermen,1
passenger,2
transportation,4
system,1
camo,4
chrismas,1
photographed,10
sort,8
perfors,1
rust,1
darkened,7
seller,1
sound,2
colander,3
clowns,5
mad,1
bowl,21
strainer,1
poo,2
hikers,31
backpacking,6
mountaineers,3
terrior,1
sweat,3
santa,38
sofa,14
claus,8
figurine,1
stony,2
hillock,1
powdery,1
mirror,13
faced,2
swirls,1
foamy,2
surfs,26
leaning,79
stairway,8
rushing,4
addressing,1
diverse,1
garbage,9
can,33
add,1
collects,2
recyclable,1
trash,7
searching,3
cans,8
rummaging,2
trashcan,9
cardboard,18
boxes,8
ourdoors,1
instrument,12
musician,4
perfoms,1
chatting,4
tire,65
rocking,3
overhangs,1
deep,69
overhanging,2
overhang,7
phrase,3
inscribed,1
springs,3
motion,15
storefront,6
redhead,1
entrance,3
sands,1
jagged,6
blondhair,1
peach,7
blondhaired,3
enjoys,27
stomach,12
wakeboard,9
read,9
fit,2
bog,1
miniature,5
pacifier,11
sucking,6
binky,1
gloved,2
mitt,3
takedown,2
maneuver,5
similarly,3
marine,1
executes,1
combat,5
facility,2
soldier,4
shaved,15
prestends,1
punch,3
temple,3
rockface,1
spotters,3
boulder,12
spotting,1
approaches,8
worried,2
keeling,1
showering,1
shower,17
bathes,1
watering,5
source,2
bounding,8
museum,10
zip,6
harnessed,3
cable,4
pulley,4
rapels,1
treetops,1
arena,9
jumpsuit,8
walker,4
bent,7
slanted,1
mottled,2
sloping,2
dunes,5
mountin,1
congregate,2
jockeys,16
pristine,1
snowscapes,1
concentrating,1
keeping,3
mediumsized,1
wrestle,43
swipes,1
warm,18
intersection,11
beanie,8
aim,3
blocked,7
blockers,1
members,13
fetching,19
cocked,1
advantage,1
teammate,15
quarterback,8
gain,1
possession,3
pullovers,1
spring,3
snows,2
trimmed,2
frog,5
rise,3
descend,2
summit,4
rails,6
tbe,1
bust,2
buddha,1
monk,3
wrap,3
robes,10
tattoos,16
bow,11
plushie,4
picks,9
las,1
vegas,1
airport,6
overhead,9
casino,4
amusement,33
arcade,14
breezeway,1
blindfolds,4
blindfolded,6
salvar,2
planeta,2
written,6
spanish,1
greenpeace,1
burning,8
handles,11
wheelbarrow,8
whose,5
been,15
replaced,1
obscuring,1
turning,21
corne,2
tiny,5
cow,36
necklace,19
cliffs,6
boulders,3
band,47
dollar,6
bill,3
bills,3
instruments,25
decked,1
razzling,1
broach,1
pearls,2
antiquated,1
pearl,1
breath,4
underwater,44
emerge,1
crystal,3
fingers,20
smeared,2
chocolate,10
pudding,2
nos,1
headlamp,2
snakeskin,1
act,6
silly,12
gas,8
curve,18
preoccupied,1
middleaged,3
lawnchair,1
placed,6
british,3
union,4
jack,11
novelty,2
backstroke,7
backstrokes,1
tones,1
ropeswinging,1
energizer,3
bunny,11
attraction,3
defenders,4
hurdles,10
tricolored,10
midsized,1
tents,10
barrier,22
fuzzy,7
craw,1
creature,5
crab,4
ceramic,1
cups,9
joggers,1
marathon,9
runners,12
lane,7
streambed,1
drags,1
rag,4
almostdried,1
mout,8
birdcage,2
containing,6
cage,10
pig,2
pinkhooded,1
playgym,1
crawling,9
waring,3
soggy,1
pieces,5
dir,2
gymnast,7
gymnasium,6
workout,4
flooring,2
infant,11
squatting,6
beverage,9
robust,1
overweight,5
yawning,7
bespectacled,1
disheveled,1
grayhaired,4
shoeless,2
lavendar,1
homeless,18
winnie,2
pooh,2
sheet,13
returning,3
serve,3
clay,4
signing,3
portrait,4
notepad,1
collage,2
stopaction,1
created,3
soaks,1
boardwalk,12
fishemen,1
too,6
streetway,1
village,5
masks,10
embrace,17
acting,3
garb,5
enjoying,22
downhill,34
cats,10
caring,1
kneeled,1
circled,1
weaves,2
outfir,1
pug,4
pugs,1
mohawk,39
drums,13
blackyellow,1
feathers,4
drum,10
snare,1
reindeer,3
antlers,2
tussle,5
deflated,7
regularly,1
chats,3
string,21
traditional,10
kimonos,3
geishas,1
elaborate,9
breaststroke,1
butterfly,4
order,4
posed,5
fashion,1
stretched,8
progressively,1
higher,2
jog,4
jogging,18
waterfront,3
backround,1
perso,1
winding,5
pitch,12
winds,3
born,1
more,5
rugby,45
razer,1
hula,32
hoops,22
hulahoops,6
puddles,4
boods,1
maneuvers,6
link,13
sleep,1
nap,6
snuggling,2
tutu,15
waterskies,3
waterskiing,18
waterskier,10
jetskis,1
patriotic,1
colourful,10
pursed,1
snowboards,5
custom,1
snowmobile,13
hi,9
blocking,6
assistance,4
scramble,2
allowed,1
steeple,1
grinning,4
army,10
bra,3
afro,3
vert,1
fairy,5
bigwheel,1
raft,59
innertube,16
dinghy,3
triangular,2
monument,14
mountaintop,18
pyramidshaped,2
divided,2
directions,5
mouths,29
lies,28
completely,4
hidden,1
hide,3
concealed,1
roller,24
coaster,17
flipped,4
upsidedown,12
multiple,7
inverted,2
crests,3
sombrero,2
mobility,1
motorized,5
wheelchair,29
shelves,3
citizen,1
shops,9
acroos,1
distant,11
bridg,1
spiky,4
things,7
law,8
crevice,2
floral,13
wagon,23
carreis,1
dresser,2
applying,2
permed,2
client,1
salon,4
done,3
perm,1
tear,1
sparse,3
tattered,3
dried,7
foreign,1
umbrellas,11
asia,2
beads,18
germanshepherd,1
billboards,2
pigtails,14
ypoung,1
heart,7
fancy,12
robe,11
frowning,2
bagpipe,5
medieval,6
similar,8
ependent,1
trumpet,4
marching,15
trumped,1
hunt,1
bare,11
fog,6
balancing,28
beckons,1
helments,1
tractor,6
squirrel,9
drift,3
melting,5
leap,25
mound,24
upset,3
streaming,3
tears,2
heavy,17
rowboat,10
rowing,18
forth,1
boards,7
boogie,14
wakeboards,5
surfboards,3
ninjalike,1
action,17
character,2
rangers,1
ranger,1
nude,3
security,9
series,6
gates,1
beam,18
flexable,1
ad,3
snowboarders,9
cheers,4
dancer,8
bleachers,11
batter,4
ballplayers,1
hitter,2
scans,1
offensive,1
protects,3
notre,1
dame,1
dusk,19
wakeboarder,6
speedboat,2
emerges,10
dandelion,9
puff,2
toetouch,2
suspenders,3
spread,18
tourists,4
damaged,2
injured,8
dwelling,2
color,6
fireworks,7
glow,2
necklaces,5
sparklers,7
persues,1
thrower,1
sashes,2
china,2
weaving,2
kisses,16
ejected,2
chute,1
pokemon,2
bo,2
yells,2
scarves,13
cows,10
herding,7
skeleton,5
decoration,3
sail,14
organizing,1
receives,4
fourwheeler,4
thumb,4
thumbsup,2
ticket,8
attaching,2
cheerful,1
dimly,8
singing,28
club,8
guitarist,6
microphone,48
plugging,2
listening,14
longhaired,11
sip,2
drumming,1
chopsticks,9
banging,1
pans,1
pot,8
pan,6
overturned,3
items,6
se,3
kilt,7
wields,1
scottish,4
burgundy,2
own,7
soda,19
pump,2
adolescent,2
launched,1
sunlight,10
afghan,3
pointer,2
patch,16
shades,6
shadow,23
post,9
teens,3
prom,3
fellow,9
formal,21
occasion,2
salmon,1
rose,2
lapel,1
darkskinned,7
lighterskinned,1
protect,2
scratching,4
leopard,1
convenience,1
slushies,1
filling,4
watery,5
paddlers,1
approach,3
conifers,1
canoeing,5
violently,1
fights,4
pouncing,4
boot,3
casting,11
sk,2
playful,4
chicago,1
heading,5
peterson,2
labeled,2
mid,3
actions,1
participant,2
musher,3
construction,24
drills,1
drilling,5
works,7
active,4
drill,3
breed,7
pilar,1
smooth,5
enlarged,1
carpenters,1
iron,3
samples,1
seafood,1
hunched,1
mans,8
encouraging,1
onehanded,3
rundown,2
warehouse,2
so,10
waterway,6
wrinkled,2
sight,2
delivering,1
cookie,4
cheered,2
crowds,5
complete,4
finish,5
adhd,2
clever,1
bowed,2
parody,1
ac,2
nodding,1
beanches,1
smoked,1
benches,13
apparel,1
final,1
headdresses,2
had,3
bandaged,4
checked,6
descending,10
knees,14
adorned,2
intently,4
travelling,3
crouching,15
defensive,2
position,10
goalkeeper,3
knelt,1
armoire,1
stripped,5
extends,5
nicely,2
skips,5
idyllic,1
avoid,3
located,7
archway,4
midst,8
flautist,1
part,14
ic,2
neatly,1
overlooks,7
woody,1
valley,17
forested,7
treecovered,2
batsman,5
bowled,1
misses,3
unique,4
boating,1
snowgear,1
ravine,4
crevasse,3
nips,4
bared,3
period,3
european,7
stoop,3
finishes,1
trainer,9
wrestling,43
cotton,4
candy,15
sandal,3
cloud,10
footballers,5
victory,3
baseman,5
league,5
rival,5
anticipation,1
ballplayer,2
second,12
shortstop,1
hangs,48
flannel,8
streets,19
opponents,2
progress,6
bit,4
lapse,1
bareback,2
bluejeans,4
focuses,1
cameraman,6
la,2
quinta,1
anticipating,1
pawing,1
pounces,6
males,9
vintage,1
antique,2
admire,3
fashioned,4
admiring,4
cowboys,3
restrain,1
rodeo,22
bucking,7
bulls,5
minding,1
props,3
fisherman,10
mist,3
kayaks,9
kiyaking,1
gin,1
harvested,2
cornfield,1
mu,1
slurps,1
graffiticovered,2
pitching,9
targeting,1
partner,2
practices,5
punches,1
trains,4
husky,9
emerging,8
squints,2
opens,8
cockpit,1
shite,1
accompanies,1
horseback,10
continue,2
schoolgirls,2
moon,3
maneuvering,1
cooking,9
bound,8
colliding,3
mate,1
dinosaur,3
exhibt,1
sisters,1
hallways,1
lime,3
stoppie,1
corgi,3
obedience,2
concert,9
buttondown,1
stange,1
parasailing,6
workers,17
cash,4
register,3
tips,3
jar,7
tip,3
footbal,1
knit,18
gokart,2
feathered,4
caution,6
feather,10
daytime,1
lolly,3
graphic,2
purses,7
cheek,17
tracks,22
pale,10
casual,3
eachothers,1
growls,2
tugging,6
entry,1
playhouse,5
cabin,3
scoring,2
basketbal,1
focus,4
oars,3
shoot,10
diner,4
parlor,2
domes,1
design,2
orbs,1
played,11
huddle,18
blac,1
bouncer,2
musical,8
juggles,7
shirtness,1
batons,1
juggler,1
manicured,2
artistic,2
growling,9
seem,3
doberman,16
twig,2
disabled,1
guards,3
brings,3
bum,2
spills,1
buried,7
stones,6
pointy,7
quietly,2
darkly,2
appear,10
fencedin,4
nibbles,1
rollerskating,11
navigates,5
sloped,3
terrai,1
himself,24
looming,1
greenery,5
roc,3
cookies,3
seidwalk,1
socializing,4
smokes,20
whist,8
pickup,4
discouraged,1
headset,5
based,1
communications,1
touchline,1
visor,1
tags,5
frolicks,2
creating,7
billowing,3
may,1
crash,5
clings,6
noticable,1
demonstrates,1
pedals,3
upright,3
rear,14
hauling,1
retrieve,8
pumped,1
fists,1
bended,1
strength,1
flexing,2
skinned,13
setup,2
summer,10
clif,1
hitting,28
lo,3
videotaped,3
canyon,9
ceremony,2
pauses,6
toolbox,2
wounded,1
bloody,2
wounds,1
goldencolored,1
alert,3
fleecy,1
piglet,1
responders,1
jumpsuits,2
pilots,2
bodyboard,4
skinny,12
woamn,1
corridor,4
hurdlejumper,1
trackandfield,1
completes,3
records,3
bungee,9
cord,3
jumper,11
weeds,9
obscene,1
we,2
because,2
rainbow,18
kite,22
boardwal,1
raincoat,6
dow,3
overshadowed,1
nears,4
elevation,4
juice,6
outlines,1
quarters,1
jumpsuites,1
delivery,1
easels,1
clipped,1
fencing,9
intot,1
monitors,1
bundled,6
da,2
characters,2
blazer,2
billboard,5
itself,17
everywhere,7
grapple,2
wasteland,3
zips,1
pebble,1
pebbles,1
rounding,3
motorbiker,1
trai,2
sportwoman,1
sportman,1
artists,4
demonstrate,1
verizon,1
stopped,5
flooded,4
monster,8
admires,3
ace,2
bandage,3
tunne,1
hairstyle,3
plaza,11
square,15
forests,2
standind,1
training,20
asphalt,6
return,4
schools,1
sprints,8
leaf,9
geyser,5
casts,5
siluettes,1
surveying,1
shrubs,5
indigo,1
wipes,4
wiping,3
wipe,1
exposing,1
belly,8
spouts,2
lush,6
cattle,2
co,1
furocious,1
countryside,11
snowpacked,1
schoolaged,1
treks,3
peaks,6
flailing,2
teaching,6
officers,15
policemen,8
enforcment,1
speaking,15
formation,25
gigantic,1
mosscovered,2
bumpy,5
hay,30
pumpkin,7
star,7
sparkler,7
firework,1
litlle,1
routine,2
skirts,20
rifles,2
auditorium,4
jostles,1
barriers,4
aisle,3
perked,1
shoveling,11
shovels,7
stiffing,1
praying,3
meditating,1
prayer,2
hear,5
antennae,1
bands,1
windsurfing,3
dogshirt,1
slice,2
snack,7
snacks,1
caps,15
speeds,12
early,3
wristbands,3
nadal,2
overpass,8
aids,1
need,2
attention,7
saris,3
lazily,1
calico,2
accents,2
tabby,3
sunshade,5
landform,1
speedos,2
tropical,9
resort,7
hazmat,2
dummy,4
stretcher,2
dangerous,2
environment,2
biohazard,1
human,9
doll,5
gurnee,1
gesturing,3
awkward,1
brige,1
sprawling,1
limbs,1
snorkel,1
driven,8
crafted,1
playgroud,1
equiment,1
geese,16
lower,6
carpeted,9
rottweiller,1
squating,1
awning,5
licks,18
seek,1
entwined,1
tuxedo,3
gesticulates,1
wal,4
mart,2
smock,2
extended,5
unifrom,1
walmart,2
vampires,1
scary,5
vampire,1
goers,1
jousting,2
skills,3
fencers,6
duel,1
fair,24
rid,2
egret,2
reeds,2
upper,4
driveway,11
hulahoop,2
alotment,1
amid,3
trays,2
thoroughly,1
saturated,1
spilled,2
teach,1
noise,1
maker,1
streamer,2
noisemaker,1
popper,1
sparks,3
daredevil,1
bearing,7
strawberry,1
flashes,1
gazes,5
vandalized,1
slalom,3
slalo,1
flirts,1
pleople,1
poodles,10
interact,7
lavish,1
panasonic,1
han,4
bone,10
grasp,2
once,2
browneyed,1
artificial,8
hard,12
tethered,3
flowing,5
wrestler,32
wrestlers,14
bedroom,5
bonnets,4
downsteps,1
tuxedos,10
arched,4
pathway,10
arbor,1
atrium,1
ability,1
son,8
motorboat,3
determined,1
expression,5
mountainous,6
fastened,1
towrope,1
becomes,4
waterskis,3
element,1
brooms,4
sweeping,1
forefront,2
operate,1
mom,7
boredom,1
couc,2
depicting,3
imagery,1
crucifixion,1
jesus,3
christ,1
crucified,1
shrine,3
carried,9
sponsors,1
logos,2
par,3
waterski,3
wakeboarding,12
shir,2
piggybacking,1
velvet,4
basement,3
maracas,1
tambourines,2
song,5
viz,2
trapped,2
serious,4
hurricanes,1
dribbling,5
rafts,6
coaching,3
age,2
sprinting,2
accented,2
naval,1
regalia,2
mounted,2
multistory,2
crust,2
bread,9
surfin,1
glides,4
babies,8
floo,4
hamming,1
chins,2
outcroping,1
jersay,1
lagoon,3
heavyset,2
fixing,2
largeboned,1
physiques,1
swooping,3
beak,5
vehicles,16
offroad,8
patterned,5
newspapers,5
commuters,2
fro,1
faucet,2
spigot,4
tap,2
allow,1
includes,2
min,1
community,6
mock,3
egyptian,1
headdress,7
earrings,8
egytianlike,1
kayer,1
sinks,2
kayakers,2
canoes,7
taped,1
silky,1
sees,3
tubular,2
lightcolored,4
wires,2
telegraph,1
debris,1
junk,3
landfill,1
rubble,2
bushy,2
constructions,1
ibeam,1
courtyard,18
slacks,3
suite,1
concentrates,2
footwork,1
atomic,1
arabian,2
offstage,2
cycle,2
shouting,3
rimmed,2
tilts,1
receive,2
award,3
baskets,2
podium,3
awaiting,1
pedestal,2
indicating,1
houses,14
circui,1
boston,9
footbridge,1
cheerfully,1
viewer,3
shiny,4
dirtbikers,1
lonely,1
downhil,1
current,5
preservers,1
rive,2
faithful,1
soft,9
wilderness,5
nature,4
dense,1
decorative,4
zepra,1
spraying,13
squirting,5
spays,1
telescope,8
gun,25
office,11
eldery,2
tickets,3
othe,3
swishing,1
screams,5
bows,5
barettes,1
yawns,2
hairclips,1
groceries,3
rows,11
edges,1
armstand,1
punts,1
kicker,1
scenic,8
our,2
peaceful,2
morning,4
skyline,11
lampost,1
undershirt,2
stretchy,1
charm,1
bracelet,6
sleeves,6
stall,9
differentcolored,1
clothesline,1
granny,1
panties,1
underpants,1
shelter,3
burlap,1
sack,1
wrinkley,1
shadows,3
cartwheel,2
ascends,2
sleds,6
dragging,6
pirate,14
largley,1
hug,21
vendors,1
organic,1
vegetables,1
farmer,2
costumed,6
spout,7
skatepark,3
upraised,2
doors,9
fashionably,2
backtoback,3
highrise,1
outise,1
grainy,1
colapsable,1
spikes,3
ambulance,5
seattle,4
observes,7
hotel,6
peeping,1
solitary,2
moment,5
flops,14
napping,1
shielding,2
tied,12
carying,1
hardhat,10
length,2
coasting,2
heap,1
surfboarder,4
dyed,4
korean,1
aluminum,1
ques,1
underbrush,1
windowed,1
industrial,7
terrace,3
waterside,2
guita,2
tumbleweed,2
circles,1
embedded,1
snowmobiles,4
snowmobiling,2
helmeted,9
hindu,1
coverings,3
citizens,1
await,2
ai,3
good,5
reception,4
reddish,7
necked,3
knife,5
dodging,1
supports,2
googles,2
cutoff,1
tails,6
crosscountry,12
congratulate,1
discuss,1
sooner,4
sideline,2
marks,3
lipstick,4
waaves,1
torso,2
collected,2
silohuetted,1
afternoon,4
reflecting,5
straddling,2
skateboar,3
soldiers,2
civillians,1
busstop,1
ignoring,2
checks,5
settings,1
studies,2
operating,7
roughhousing,2
playfighting,1
speaker,3
glassess,1
avrovulcan,2
gentlemen,2
late,3
flew,2
secured,3
bundledup,2
footprints,1
snowpants,1
tentatively,1
lets,2
thrashed,1
scent,1
gorgeous,1
demonstrating,2
pamphlets,1
supporting,2
cause,1
massage,5
vibrating,1
recline,1
coached,1
tho,1
scuba,17
diver,10
vapour,1
shape,1
caravan,2
travel,5
polaris,2
pedalling,1
rangler,1
cargo,4
khakis,1
gnaws,2
mail,1
causing,3
spiral,1
dips,1
brief,1
overhear,1
sporting,8
bib,6
emerged,1
toss,6
ruggers,1
fierce,1
rugb,1
trace,1
labrador,7
suns,1
rays,2
outlined,1
headed,6
creates,1
called,4
lounge,11
longsleeve,2
abandoned,2
lamp,3
headlight,1
working,19
lick,2
weird,2
redhaired,4
scarily,1
tartan,2
shag,1
snowing,3
stripe,7
melts,2
glacier,5
drooling,2
helped,1
bridesmaid,1
contents,3
highchair,1
jello,1
gonzaga,2
neclace,1
marked,10
gontaga,1
gathering,17
computers,2
videocameras,1
teacher,1
filmed,2
lecture,2
atmosphere,1
dotted,1
dot,11
sledge,4
saucer,1
oout,1
waists,2
proximity,1
lobby,4
interlocking,1
consumer,1
lens,4
turnaround,1
sundappled,1
ridding,5
towers,2
shirted,8
entertaining,1
neckless,1
walkin,1
blown,1
further,1
advances,1
acrobatic,5
huddled,5
gators,1
grin,2
fleeces,1
trousers,2
sweats,2
romp,6
peoplw,1
tulips,14
tulip,2
grss,1
squeak,1
duke,2
relection,1
aross,1
adjustments,1
adjusting,3
incline,5
photograhi,1
crouched,11
squat,1
ruined,1
swatting,1
multicolor,7
palid,1
swallow,1
lie,4
hoof,1
bronze,1
stomachs,1
individual,3
crown,6
photographers,5
when,4
extravagent,1
thw,1
festive,6
passage,1
mountainclimbing,1
ascend,1
spike,2
surfac,1
lease,4
dumps,5
curved,4
aerodynamic,2
pedaling,2
trudge,1
possessions,2
buildin,2
worn,5
wraps,2
objects,4
unpaved,1
middleeastern,1
headscarfs,2
packages,1
handbags,1
traverses,3
helment,1
linked,1
gothic,2
stains,2
breathing,2
attemping,1
test,6
performance,7
venue,1
aimed,1
peopl,1
buggies,1
ralley,1
zara,3
strike,3
goofy,3
bigger,7
woolly,1
overcast,1
passed,3
zaftig,1
halter,5
slinging,2
rushes,2
handlebars,7
freefall,1
observing,6
coordinator,1
sole,2
paints,7
belt,4
whom,3
kicked,7
someones,1
curiously,4
chewed,2
bouncey,1
vacant,1
trot,1
snowpatched,1
retrievers,3
dusted,2
re,1
bricks,3
laid,5
biscuit,1
milkbone,1
fairground,6
darker,2
ti,1
chi,1
areas,1
hunter,2
icicle,4
synchronized,2
hanna,1
montana,1
stripy,4
snowmobiler,2
canon,4
highflying,1
prepared,1
oar,4
frizzy,1
wild,9
nursery,2
rung,1
motor,6
campground,2
campsite,6
sunlit,2
blazing,2
cobbled,2
triangle,1
than,3
bluegreen,4
storm,7
drain,6
overfilled,1
chart,2
torn,2
scruffy,3
shabby,1
crates,1
love,9
language,3
butting,1
australian,4
tawny,1
weave,1
pets,7
apartment,6
fedora,1
youngle,1
sunshaped,1
spiked,4
reddishbrown,1
swirling,1
rop,2
cycling,7
traffi,1
bonnet,1
steady,1
lkievely,1
wrapping,4
tinsel,1
outfi,2
smiled,1
cello,1
shrowded,1
darkness,1
expanding,1
spreading,3
flapping,3
tourquoise,1
tinkerbell,5
jacked,4
perfom,1
muscular,7
rippled,1
brownspotted,1
quilt,3
saber,3
lightup,1
sword,5
littering,1
couches,2
puffy,2
tired,2
astonishment,1
confronts,1
daughters,2
grown,3
demonstarting,1
logs,10
buffalo,2
sweatsuit,2
skipping,3
swords,12
glances,2
height,4
tray,4
consumed,2
pillows,2
spiderman,24
furniture,7
outfitted,1
goods,1
identically,2
bananas,4
plantains,1
openair,1
marke,1
collides,1
collide,5
tumbling,5
bumps,2
posts,8
main,4
stoplight,1
sails,3
sailing,7
masses,1
startled,1
recoils,2
impact,1
youngster,2
removing,3
garter,4
weddin,1
pavemen,1
welllit,1
piercing,4
earring,4
jogs,10
compact,1
topdown,1
feamle,1
everyone,2
sad,1
calf,1
lassos,1
package,2
witnesses,1
dealth,1
signpost,1
labs,3
size,4
rappeling,1
athelete,1
sling,5
either,10
nighttime,7
laptops,3
pf,1
internet,1
sundress,4
multiprint,1
leaguer,1
ohio,1
contemplates,1
wrestles,5
battling,3
examining,4
soaked,11
wands,2
keeps,4
dragons,1
year,1
celebration,2
slumped,1
rollerskates,4
dandylions,1
daisies,2
champ,1
rafael,1
weimaraners,1
forceful,1
hardhats,1
employees,2
dresswea,1
overlook,5
livestock,3
gaurd,1
accompanied,3
grassland,1
telephone,8
booths,4
booth,11
grond,1
widows,1
brushes,4
fingerpaints,2
apron,16
contemplating,1
thought,1
thinking,2
decorations,3
peddled,1
squirts,5
youg,1
strapped,7
dragged,3
droplets,6
oxen,3
silk,2
performers,2
motley,1
dive,8
divers,1
ollie,4
pip,2
sweating,1
congregated,1
mills,2
chandelier,2
fancily,1
motorcross,2
dodges,3
styled,1
gowns,2
matchin,1
crow,6
grimacing,1
thousand,1
hundred,1
thirty,1
staffordshire,1
terriers,5
treefilled,2
projecto,1
brass,2
jazz,1
saxaphones,1
sandbox,1
loses,1
parasails,3
windsurfer,5
was,8
fell,4
sailboarder,1
florist,1
labradoodle,1
rears,2
rollerskater,3
formed,1
halfcompleted,1
childing,1
fort,3
built,4
aboveground,1
mouthed,2
oh,1
bay,8
widelegged,1
equipmen,2
guarded,1
drainage,2
kisscostumed,2
parent,5
satchel,2
suitcase,3
labelled,1
lucky,2
themed,3
overflowing,1
mill,2
spoke,1
scratches,2
osme,1
kind,4
meetinghall,1
partying,2
blays,1
bowlike,1
stance,2
wake,2
slighty,1
sailboard,2
tilting,1
lifeboat,1
launcher,2
released,2
rushed,1
nestled,1
readying,1
cleaning,8
ladle,2
container,8
pail,7
slip,12
golf,13
layup,3
clemson,1
quarry,1
dries,1
india,3
colorblock,1
bedspread,4
bobbed,1
sweatpants,1
walkers,2
powerlines,1
petting,16
pats,1
saddled,1
hippie,1
strapless,1
toddlers,9
playpen,14
toddles,1
padded,6
hawaiin,1
placing,4
freddy,1
krueger,1
jogger,4
louis,4
vuitton,4
widow,1
bath,12
grownups,1
bathtub,13
bathroom,14
flood,2
slush,1
mechanical,4
rabbit,5
drips,1
gaurdian,1
goatee,3
floatation,4
breaker,1
florida,7
rally,7
procession,1
amphitheater,2
conference,1
battle,3
submerges,3
missing,3
tooth,2
powder,2
mowed,3
call,3
deserted,1
mermaid,1
sid,1
tackles,5
paraglider,4
fton,1
residential,5
throughwindow,1
shutters,2
fountains,11
himsel,1
mexican,1
mexico,2
needlepoint,1
tending,1
abarrotes,1
aims,4
grappling,2
narby,1
engaged,2
physical,1
contact,1
sox,3
capris,2
railroad,10
firefighter,7
extinguishes,1
hood,10
fireman,6
firehose,2
engine,3
carjack,1
extinguish,1
puckering,2
zigzag,4
lump,2
atvs,3
mudfight,1
mudwrestle,1
wadingpoo,1
ash,1
messanger,1
descent,3
western,2
wallride,1
youth,6
somethin,1
mirrored,2
sphere,1
rips,1
leggings,4
propping,2
revealing,1
cleavage,1
tatoo,1
seperate,1
deser,1
hump,1
bleached,1
crazy,2
pacman,1
camp,5
towels,2
nipping,2
recoiling,1
philadelphia,1
phillie,1
pitchers,1
contracption,1
hoses,1
thick,6
feeding,13
eyebrows,2
moustache,5
cigars,3
goucho,1
marx,2
joke,1
moustaches,1
caged,1
belays,1
competeition,1
equestrian,5
barrie,3
hairdo,1
tee,5
theme,3
enjoyment,1
flume,1
raise,6
rollercoaster,3
phones,3
focused,1
cellphones,6
crack,3
encircling,1
symbol,1
counters,1
change,3
pizzeria,1
buzzes,1
zooming,2
goalies,1
led,4
ferns,1
goose,3
swimmin,1
cuts,3
ax,1
axe,2
rapidly,1
fresh,3
backhand,2
midswing,2
bunchh,1
youngsters,3
mingle,2
exercise,5
puma,2
hugged,3
bohemian,1
cooks,3
nightclub,3
bartype,1
form,3
stacks,1
greenglow,1
washed,3
given,2
handheld,2
showerhead,2
lilly,1
apples,8
climing,1
retaining,3
hop,1
gondola,2
operators,1
italy,2
gondoliers,1
venice,1
rowers,3
propel,1
crew,2
skyscraper,5
stunts,5
experiences,1
excites,1
bluerobed,1
occupied,2
upperclass,1
cloak,1
wizard,1
macintosh,1
crawl,1
rodent,1
defecating,1
pooping,1
nipple,3
piercings,2
provocative,1
multilple,1
crows,1
enough,1
bulldog,4
movie,7
squats,2
member,9
frisbees,1
aquarium,3
seal,5
squeezing,3
surround,3
adventurer,1
burrowing,2
seems,3
david,2
beckham,1
poolside,2
self,2
shook,1
cheeks,6
avoiding,2
oncoming,1
feels,1
indescript,2
seats,9
dominant,1
safari,2
cracked,4
ashen,1
flats,1
clears,5
traverse,2
ramps,8
arch,3
mainly,1
sweatshirts,3
squirt,4
pasture,4
diaper,3
taught,2
moonwalk,1
rattan,1
rods,1
fed,1
begging,7
whisper,2
wool,2
mitten,2
whispering,1
gathers,4
spool,2
subwa,2
firetruck,6
firefighters,3
strips,4
fields,5
hilly,7
ninja,5
overall,2
attacking,4
greyish,2
baggy,1
mark,3
bowtie,2
thing,2
check,3
kissed,2
ashy,1
blues,2
brothers,3
impersonator,1
tongee,1
gith,1
dhe,1
striking,5
rode,1
jogged,1
swin,5
closecropped,1
haircut,6
fiesty,1
foul,1
handling,2
scowling,1
flopping,1
coated,1
wooly,1
happening,3
tv,9
balck,3
relax,5
converse,4
boarder,4
pursued,4
closing,2
buggys,1
kept,1
bunnies,1
rabbits,1
bangles,1
safron,1
obstacles,6
stride,2
surges,1
crocodile,5
jaw,1
obama,12
median,1
bumpers,1
nascar,2
keep,3
cours,2
pyramid,5
misty,4
chalk,10
seaside,1
brownhaired,7
torch,1
noce,1
shocked,2
messenger,3
handinhand,2
ink,2
pullup,1
trailing,3
treads,7
sewn,1
emblazoned,1
images,3
pasts,1
alligator,4
belongs,1
stau,1
blanke,3
goofing,1
sportswear,2
mean,4
bears,1
applauding,1
clapped,1
passerby,3
expressions,2
concerned,2
furiously,1
trek,2
sparking,1
blackshirt,1
squinting,2
stuff,3
earmuffs,1
bland,1
exits,1
deposited,1
shoots,9
trip,4
grasps,3
hoodies,1
doorstep,1
entertainers,1
midget,2
bowler,3
acrobatics,2
swarmed,1
marble,6
attack,8
swarm,1
goggled,1
cook,3
backing,1
stove,10
intense,1
changes,2
strid,1
speeding,7
bearer,2
petals,2
architectural,2
fortess,1
gat,1
coldweather,2
payfully,1
sledders,1
bulldozer,1
digger,2
double,4
exposure,1
captured,3
reflects,1
domino,8
pizza,9
bik,2
tower,3
screening,1
novel,1
rickety,2
licked,3
wierd,1
galloping,4
paddock,1
wildly,2
paddled,2
kickboxing,2
mma,1
fighters,3
backpackers,2
recently,6
snowed,2
instructor,5
chested,2
shoulderlength,1
drenched,4
muscles,1
bolts,1
equpitment,1
electrical,2
equpiment,1
fix,2
games,5
arcad,1
kneehigh,2
starshaped,2
pattern,6
haystacks,1
bales,4
haystack,2
cobblestone,6
island,5
speedo,4
buoy,1
retreived,1
panting,2
sacks,4
htting,1
cubicle,1
crouch,1
windsurf,1
saddle,6
spacious,1
emty,1
trailer,3
shed,6
affectionately,2
dramatically,3
romantically,1
romantic,1
vending,3
purchasing,2
lack,3
underfoot,1
hundreds,2
defends,4
portable,4
toilets,4
portapotties,2
bathrooms,2
blossoms,2
flowering,3
stirs,1
persue,1
anticipates,1
entangled,2
bodies,3
exterior,1
insynch,1
much,5
exiting,2
aggressive,2
filed,1
versus,1
fishers,1
bicyclers,2
apparantly,1
tights,9
stockings,1
chunky,1
ripped,1
lounges,1
sheppard,1
bting,1
reeling,1
books,3
blossoming,2
cherry,1
cycles,2
ilks,1
ouside,1
sleek,2
longish,1
circus,1
navigate,2
levels,1
brightlycolored,3
mullet,1
roo,1
topped,1
loaded,2
specialized,2
heights,1
footballer,9
bang,1
leatherclad,1
punkish,1
crudely,1
wolf,2
howls,1
any,2
watc,1
cot,2
if,4
dipping,1
spoon,2
soup,2
ladles,2
brandishes,1
vast,3
find,3
mets,4
harly,1
davison,1
moter,1
recreational,2
yellowish,1
waterskiis,1
handed,4
garmet,1
spiritual,1
landmark,1
positions,1
torii,1
oriental,9
skin,1
thatched,3
outwards,2
penske,3
indy,1
pits,1
lakefront,1
downtown,4
streetshot,1
applebee,1
dave,1
buster,1
restaurants,2
arriving,1
bandages,1
beams,2
fishscales,1
anciet,1
story,2
shave,1
pinata,9
encouraged,1
collared,4
banister,1
contest,4
smokin,1
loan,1
powerful,1
awkwardly,1
guessing,1
verbal,1
exchange,1
perplexed,1
cardigan,1
standard,4
restaraunt,2
stores,5
brindle,2
nussle,1
forehead,5
cushions,1
paperwork,7
gorge,1
stockcar,1
become,1
seeingeye,1
elementary,1
pregnant,2
protester,2
proamerica,1
protesting,1
cloudcovered,2
jacke,3
raling,1
explosion,5
occured,1
engulf,1
dusty,8
mogul,1
vision,1
tells,1
secret,1
glider,7
tobaggons,1
saucers,1
disks,1
fuchsia,1
emphatically,1
expressing,1
opinion,1
pleadingly,1
pelican,5
midflight,5
pelicans,2
flocking,1
unspooled,1
toilet,13
infants,1
drummer,6
saxophones,3
saxophone,1
rottwieler,1
surgical,2
married,3
gown,5
maids,1
oldfashioned,2
lowering,1
teases,1
energetic,1
runnin,2
moniter,1
recieving,2
gift,4
winters,1
panda,1
gotten,1
refrigerator,5
riverwater,1
surrounds,1
grounded,2
firing,8
hotair,1
process,2
inflating,1
puck,14
ringed,2
waterwear,1
skipped,1
busying,1
site,5
kitche,1
streetpole,1
schoolyard,1
classmates,1
jug,2
creams,1
glowing,1
swan,16
producing,1
scraping,1
lopes,1
grove,2
coloring,7
redish,1
met,1
greencolored,1
curl,1
menus,3
waiter,5
menu,3
unhappy,4
orders,1
resaurant,1
glittery,2
companion,2
elevated,2
determination,1
trike,2
minivan,3
evening,4
rappels,2
footpath,1
coutryside,1
bottled,2
argues,1
pro,2
highfive,2
simultaneously,1
decide,1
signal,4
waterwings,2
churning,1
floaties,10
res,1
say,2
iove,1
message,1
cards,13
vine,3
tram,1
harbor,3
tugboat,3
port,3
bagpipes,6
nuzzling,1
most,2
plates,8
needle,2
jubilant,1
entire,1
reddressed,1
signals,2
flash,2
alike,6
letter,3
paneling,1
readied,1
remax,1
wetland,1
fronds,1
reson,1
ban,1
notices,1
ducks,23
ducky,1
onesie,1
dreary,1
tented,2
produce,2
visiting,1
starring,7
wuth,1
russell,3
corndogs,5
frames,5
collapses,1
winks,3
winking,2
ll,1
bean,1
winkin,1
touched,2
drapped,2
bod,1
manuever,1
faint,1
soap,3
bubbl,2
hooked,1
tether,2
terrorizes,1
sponges,1
diagram,1
displayed,3
anatomy,1
tell,1
fortune,1
tabl,1
barb,1
poor,1
battles,2
perpendicular,1
negotiates,1
patroling,1
snarly,1
multicoloured,1
mime,3
exotic,1
ls,1
suited,3
mustached,2
nametags,1
smilin,4
oversized,2
presents,4
scared,3
apparatus,2
gambling,1
gorup,1
ornate,4
ceremonial,1
tassel,1
stoic,1
fring,1
blackclad,1
stubbled,1
vigorous,1
bring,1
clasped,1
barricade,3
colorfully,6
chips,2
tiled,5
carousel,2
childrens,1
plan,1
biplane,5
model,3
helicopter,8
belo,1
anouther,1
sizes,1
purchase,2
product,2
diry,1
pinned,3
displays,2
awards,4
jars,1
hapy,1
attacks,1
ragged,3
passin,1
cork,1
burst,1
experimenter,1
breathes,1
obscured,3
fireball,2
fir,1
obscures,1
wielding,3
midjump,6
sleigh,4
discovers,1
feature,1
otherwise,1
collection,2
lookalike,2
suggestive,1
picnickers,1
sunbathing,1
garage,5
howling,4
togethe,1
wedgie,1
pong,2
royal,2
basketballs,3
warning,1
opponen,1
frolicking,3
hackey,1
easily,1
passageway,1
loose,2
groups,3
huskies,3
packs,1
greenish,2
christmastime,1
prancing,3
strides,1
sidebyside,1
sill,1
windowsill,2
vents,1
clowds,1
finished,2
rises,3
fiery,2
mold,1
san,1
windy,3
backlegs,1
ot,1
turtle,1
attacked,2
unamused,1
welldressed,2
arid,1
pouch,2
foothills,1
chests,2
gingerbread,1
downpour,1
distressed,1
comforter,1
treats,2
unner,1
involved,2
collision,1
overturn,1
array,2
deciding,1
backgound,1
capri,2
entertainer,1
curtsey,1
lagging,1
checker,1
stocky,1
stalks,2
husks,2
piles,1
husk,1
arizona,1
prairie,1
armchair,1
ladys,1
numerous,4
roiling,1
harmonica,2
guiutarist,1
cleans,2
suds,4
wiped,1
clean,6
soapy,1
cleaned,1
kiddy,1
knotted,1
whild,1
embraces,3
occassion,1
pinstripe,2
showroom,1
coopers,1
auto,2
wintertime,1
draft,2
daft,1
waist,11
diners,4
hoolahoops,1
viewfinder,1
aiming,4
defending,4
goaltender,1
crossbones,7
pirates,2
curled,3
cautious,1
madly,2
local,2
trac,4
halfway,2
gam,3
checkstand,1
aprons,1
coast,1
tracksuit,5
convention,1
swans,6
glide,1
gelled,1
tying,1
wrist,1
statio,2
aquacolored,1
messy,4
else,1
cloaks,2
trim,3
halves,2
confrontation,2
confronting,1
tilling,1
thatch,1
huts,4
soil,2
hoes,2
homes,2
portrate,1
showgirls,1
foyer,1
catc,1
frisbe,2
receiving,2
recieve,1
rice,2
bellbottoms,2
boa,5
grilling,3
cornstalks,1
roasted,1
buy,6
astro,1
turf,1
japanesesponsored,1
competes,1
longspandex,1
elbows,1
roadway,4
muti,1
pigs,1
sewer,1
cries,3
sum,1
sumo,13
competiting,1
competiton,1
sightseeing,2
tandem,3
seater,1
panelling,1
hardscape,1
clutches,2
objest,1
automobiles,2
shoulderdeep,1
yorkie,2
trophy,4
winner,3
troph,1
ways,1
strokes,1
cadet,1
properly,1
fatigues,2
assisting,4
boundary,3
convoy,1
inground,3
interrupts,1
ref,2
goals,1
devil,5
lighted,2
swirl,1
hillsid,1
bug,5
insect,6
unmanned,2
ne,2
blondeheaded,1
protector,1
washing,4
americans,2
confused,3
grouchy,1
trekkies,1
scooters,5
tricycles,7
draping,1
tucked,1
trundles,1
coasterlike,1
mechanisms,1
oppsite,1
arguing,1
eyese,1
whiel,1
tickled,1
pompoms,2
cheerleading,4
neckties,1
foil,1
pom,1
poms,1
sari,1
east,1
cowlike,1
ox,1
seedoo,1
takeing,1
session,2
involving,3
chimes,1
theater,6
vaults,1
bodysuit,1
dome,2
shaft,2
spelunkers,2
cavern,1
bathed,1
goldfish,1
speckled,2
florescent,2
sheepdogs,1
mastif,1
pins,2
crazily,1
native,10
prize,4
hotpink,1
seaguls,1
gren,1
embankment,2
buzy,2
somersaults,1
cartwheeling,1
cartwheels,5
depicts,1
litttle,1
toothpaste,1
handwritten,1
notice,2
gentle,1
kaya,1
fairly,1
were,1
establishment,2
whie,1
preteen,2
tractorlike,1
nonworking,1
sheltered,1
cliffside,3
retrieved,2
dragon,3
tablet,1
god,2
judgement,1
trampolin,1
shadowdappled,1
acrobat,1
entangles,1
twisted,2
dangles,1
collegiate,1
uw,2
diapers,3
articles,1
groun,4
capes,5
cleared,1
beaten,1
headscarves,1
hel,1
odeon,2
freshly,3
mown,1
classical,1
slender,1
homerun,1
safe,1
fails,1
cone,26
remaining,1
wants,1
last,1
roadside,3
quaint,1
storefronts,1
teeing,1
virtual,1
videogame,1
projected,1
joined,1
clap,2
subject,2
social,1
slicker,2
deer,11
ollies,3
partake,1
bullrun,1
underside,2
worm,1
curling,1
badminton,9
evident,1
dove,2
brochure,1
magizine,1
pamphlet,1
brochur,1
bulldogs,1
duffel,2
ballerina,1
backstage,1
applies,1
tiara,2
eyeshadow,1
wig,8
hooping,6
vista,1
clifftop,1
engulfed,3
crewmen,1
supervise,1
learns,1
illuminated,2
ships,1
tightly,2
bullfighting,1
matador,1
bullrider,1
punting,1
peircings,1
fadora,1
mussels,1
offers,3
broadly,1
classes,1
here,1
girlfriends,1
brow,1
firemen,3
laps,2
tangled,3
forms,1
aroun,2
intricate,1
designs,1
ultimate,2
illustration,2
butts,1
straddles,3
railings,11
balanced,3
zoo,3
handlers,1
sprint,3
winning,2
tonge,1
brunettes,2
dye,2
critter,1
laundry,3
chains,4
pice,1
machiner,1
busk,1
struggle,3
react,1
entering,3
speakers,1
colourfully,1
jewels,1
john,1
portopotties,1
mop,2
mouthing,1
orangeclad,1
newborn,7
basett,1
biscut,1
fiveteen,1
sportsfield,1
antenna,2
television,2
flatscreen,1
brightlylit,1
packaged,1
gifts,1
playhous,1
midrun,1
sang,1
playin,1
litter,5
prevent,3
doge,1
plush,4
recliner,1
frisbie,1
presses,4
uniquelyshaped,1
better,2
desserts,1
strolls,3
chops,3
trashca,1
handgun,3
emits,1
flare,1
pistol,2
halfpipe,2
graffitistrewn,1
let,1
used,4
protesters,1
sweatshir,1
signature,1
document,1
signed,1
romps,1
hustle,1
rush,2
multiracial,1
gull,3
seagull,4
seagul,1
obscure,1
tote,1
sorts,3
shadowed,3
refreshment,2
arc,1
kart,2
gokarts,1
will,1
gocart,3
leotards,1
windsailing,1
wheat,1
flaming,5
less,1
developed,1
government,1
collarless,1
courthouse,1
windboarder,1
windboard,1
beg,1
attentive,1
ballet,6
composed,1
gauzey,1
traversing,2
giggling,1
headbands,1
bundle,1
twho,1
draw,3
passifier,1
shortsleeved,1
crib,3
accordion,10
clergy,1
priest,3
chili,3
cheese,2
obese,1
mustard,2
flowercovered,1
heather,1
foldable,1
geological,1
jets,1
kidsized,1
adoring,1
monkeybars,1
zipline,1
escape,2
rustic,1
challenge,1
tiles,1
stadiu,1
save,2
steam,3
backseat,1
sunsets,1
audienc,1
keyboard,3
counry,1
solo,1
feeds,4
cartoon,1
stubby,1
tale,1
freestyle,1
rockclimber,1
perches,2
pitted,1
clips,2
outstreched,1
cavorts,1
lollipop,4
punctured,2
dachshunds,2
whitebearded,2
collecting,2
eggs,5
easter,6
egg,1
noodles,3
utensils,1
headresses,1
march,4
facedown,1
quarterpipe,1
girder,2
bridges,1
alertly,1
cradling,1
legged,4
turkeys,6
turkey,1
peolple,1
hawaiian,2
looms,1
pails,1
lunchbox,2
sitts,1
carts,8
twin,2
ram,1
offf,1
evergreen,2
outrun,1
apex,1
michael,6
jackson,6
thriller,2
latte,1
layered,1
motioning,1
mcdonalds,1
mcdonald,1
monitoring,1
stopping,2
trekking,3
gradual,1
furnace,2
hook,2
waterproof,1
hooking,3
claws,1
railway,2
banks,2
hoist,1
ornaments,2
browses,1
ornamental,1
scrolled,1
patterns,1
bulging,1
apartments,1
roofs,1
washes,4
powerwashing,1
tugofwa,1
outward,1
nets,3
gauges,1
blitz,1
crocheted,1
pierced,5
pagent,1
prances,2
attempted,1
cattails,2
metro,1
conical,1
cannot,1
cropped,1
lighter,2
lightsaber,1
ont,1
chai,1
drooping,1
lesson,1
penguins,3
accross,1
waterproofs,1
bundles,1
zombies,1
everybody,1
zombie,2
bouquet,7
barn,11
pinscher,1
trooper,2
bee,8
aig,2
words,4
squeamish,1
reacting,1
spurting,1
crushed,1
demolished,1
encripted,1
lef,1
sidelines,6
blower,2
snaps,1
captures,1
cathing,1
entertains,1
wearhing,1
furred,1
paralell,1
medow,1
marking,1
fours,2
cloverfilled,1
powered,2
rocket,9
windo,2
kildare,1
medal,2
creeping,1
armbands,1
parasailors,2
lifevest,1
ocea,2
bangs,1
browm,1
thorugh,1
courts,1
squeeze,2
hungry,1
downward,3
weilding,1
gnome,1
coveralls,1
begs,2
backless,2
quiet,2
pencil,2
lounging,4
rubs,6
cutting,8
breaded,1
shimp,1
facefirst,1
views,2
skeptically,1
smirks,1
department,3
modifications,1
st,2
continues,1
temporary,1
constructed,2
alcohol,2
french,6
hig,1
donations,1
pigeon,3
blindfold,1
crocs,2
mouthpiece,1
miniskirts,1
activity,2
film,2
schoolgirl,1
schoolboy,1
production,1
walled,1
science,1
rockclimb,1
prefabricated,1
frightened,2
uno,4
reds,1
yellows,1
additional,1
patrons,1
siren,1
underwate,1
sillhouetted,1
measured,2
fribee,1
islamic,1
holy,1
tramples,1
stepped,2
trampled,1
whoa,1
hoofs,1
blackhaired,1
stumbling,1
piste,1
bass,2
mandolin,1
plucking,1
chello,1
stringed,1
wetsuits,4
rebound,1
oppose,3
defend,1
contained,1
tabloid,1
clause,3
odd,4
rockstar,2
energy,2
behinf,1
beack,1
ee,1
roundabout,1
charging,2
charged,1
mishap,1
prarie,1
coyotes,1
dryed,1
limo,4
limousine,5
figures,3
nipples,1
peirced,1
tanned,2
punk,2
aside,1
ipods,1
best,2
potato,6
chip,3
stacked,1
create,1
tapped,1
amazing,2
horseriders,1
murals,2
unknown,3
rounded,1
hapily,1
overcoat,3
unshaven,1
models,1
campfire,8
clustered,1
bonfire,2
sequined,3
wellgroomed,1
militarystyle,1
communal,1
darts,1
serving,1
cafeteria,1
fourwheeled,2
propelled,1
kit,2
silverware,1
tanskinned,1
sunbathers,2
hummer,3
towed,4
repair,1
beatup,1
tow,2
pastry,2
doughnut,1
baked,1
broom,6
dressedup,1
dimlight,1
total,1
conversations,3
separate,1
reported,1
interviewing,2
greysuited,1
defying,1
gravity,1
redwood,1
sequoia,1
situated,1
yelling,8
chidl,1
latter,1
rasing,1
ornament,1
blur,2
adornment,1
eyepatch,1
us,1
snowdrift,1
clover,4
dale,2
jr,2
earnhardt,1
jewish,1
disgusted,1
everything,1
giong,1
vegetation,3
excess,1
shots,3
bartender,1
cameraphone,1
handcrank,1
crank,3
marlins,1
mountaintops,1
goldenbrown,1
target,10
protection,2
fires,2
identifier,1
polkadot,1
retriving,1
surfboarding,1
longnecked,4
marches,4
rai,2
produces,1
heating,1
snowin,1
flaps,2
hovers,3
dacshund,1
soles,1
soled,1
hovering,4
jumpy,1
variety,1
folks,1
my,1
buddy,1
siting,4
dizzy,1
nursing,2
breastfeeding,1
milk,6
suckles,1
yacht,1
barge,1
spiking,1
buss,1
london,1
ferrett,1
scalling,1
political,1
antitax,1
dont,1
tax,1
me,2
bro,1
plains,3
skidded,1
bandanas,1
cloths,1
sunrise,2
sunse,1
sweashirt,1
torwards,1
spashes,1
yamaha,1
eagerly,1
fries,3
polkadotted,2
key,1
hate,1
hearts,3
halfdressed,1
hp,1
branded,1
endorsementcovered,1
antoher,1
recital,1
eleven,2
tutus,6
ballerinas,4
photography,1
metropolitain,1
snuggles,1
protectors,1
boardedup,1
abandon,2
boarded,1
hatchback,1
whitehaired,1
windmill,2
smilling,2
wicker,5
grasping,2
russel,1
urge,1
robot,7
enthusiastically,2
dirtcovered,1
emitting,1
slippery,1
magnificant,1
conversing,4
ponytailed,2
tantrum,2
jetskiing,1
guiding,4
footrace,1
nest,1
astride,3
fairies,2
guided,3
tatooed,1
wrists,3
celtics,1
chow,2
huskey,1
pressing,1
stylish,1
smartly,4
signer,1
statues,8
smelling,4
examine,4
pressure,1
payer,1
vie,2
jaket,1
littered,2
confront,1
fourwheel,1
nerf,1
chaperone,1
sponge,4
bats,3
batshaped,1
ages,3
kong,1
tomatos,1
groupe,1
smilely,1
watersports,1
seperated,1
scowls,1
ponchos,1
gallopsing,1
sheperd,2
striding,1
pedigree,1
sparkling,1
sprawled,2
flipflops,2
aloft,1
waterskiin,2
lighthouse,3
yell,2
brownish,3
tussling,2
cringes,1
oval,1
pane,1
barbeque,1
missed,1
minimal,2
longbeaked,1
agains,1
brightlycolred,1
wheelers,3
hooker,2
ok,4
scrubby,2
teeter,2
totter,2
bones,1
beached,1
brushland,1
rappelling,2
samsung,2
participates,5
ladie,1
hte,1
bracelets,2
garland,1
brazilian,1
lei,1
slipping,1
telephot,1
lenses,1
tripods,1
shorline,1
sunshine,3
brought,1
amounts,2
sheltie,2
pastel,1
pastels,1
retreiving,1
scratch,1
forelegs,1
sprinkles,1
sprinking,1
sippy,3
hoddie,1
swimcap,1
torsodeep,1
netted,1
amazed,1
scanner,1
paced,1
helplessly,1
coping,1
marina,3
speedskater,1
fireside,1
mountaineer,4
jumpropes,1
pensive,1
donning,2
gazing,3
containig,1
rainstorm,1
scuffle,2
donuts,2
burns,1
swingtoy,1
outline,1
swung,4
minitrampoline,1
unified,1
pride,1
expansive,1
dice,1
gal,2
mouthguards,2
bodyless,1
refuse,2
turbaned,1
touchin,1
spokesmodels,1
hotrod,1
zebra,1
ipod,2
thermos,1
burnished,1
speech,1
dealing,1
armenian,3
genocide,3
flanked,1
priests,1
barnlike,1
roping,1
grips,2
force,1
padel,1
riverrafting,1
challange,1
swingset,1
adopted,1
mixed,2
veteran,1
greets,2
soldie,1
load,1
waterhole,1
glacial,1
lilies,1
submerged,5
vessel,1
eluding,1
tugowar,3
subaru,1
sparsely,2
suspension,1
bicyler,1
parachutist,1
unfurled,1
fold,1
unison,4
united,1
states,1
celebratory,1
streched,1
spin,1
seesaw,6
inspecting,4
suburbs,1
faded,2
legos,5
pavilion,1
quilted,1
minnie,1
engraved,1
names,1
memorial,1
twisty,1
contemporary,1
corporate,1
accends,1
whips,2
flinging,3
notsocrowded,1
lifeguards,1
chal,1
bits,2
savanah,1
notes,2
tipped,1
copper,3
halfburied,1
miles,1
lakes,1
leaped,2
effort,1
blog,1
collapsed,1
wisconsin,1
puffs,2
hai,1
styrofoam,1
leaned,2
railin,1
pitc,1
tanktops,1
benc,1
shorter,1
anime,1
cosplayers,1
actors,1
exhaust,1
inspect,1
merchandise,3
wisks,1
claps,1
mesa,1
precariously,2
formatio,1
outfut,1
flamboyant,1
sledder,2
blankets,1
guidewire,1
wir,1
springer,1
mardi,2
gra,1
banne,1
canned,2
waking,3
icey,1
lassie,3
hedge,1
stoney,1
brook,2
gnarly,1
relatively,1
squares,3
mosaic,1
belaying,1
propelling,1
steered,1
leafs,3
hatted,1
frown,1
waterfilled,1
shell,1
humans,1
cooling,3
fountai,2
celebrities,1
pretend,3
musicans,1
posh,1
nudges,1
stoll,1
shadowy,1
comforting,2
consoling,1
chil,1
bale,4
pumpkins,5
stack,1
witches,1
magazine,7
wintery,1
kangaroo,1
fastest,1
bikina,1
saroog,1
sarongs,1
minglin,1
openmouthed,1
goldcolored,1
stained,3
tongues,5
bluetinted,1
hangglider,1
coliding,1
swinsuit,1
greyblue,1
onearmed,1
rooftop,2
impress,1
roadsid,1
paintball,1
splatter,1
splattered,1
graffti,1
twos,1
monkeys,1
shack,2
springtime,1
daring,2
stuntlea,1
whit,2
rested,1
twenty,1
fourth,1
reclines,2
payphone,1
pay,1
bookstore,4
investigates,2
coloful,1
redbrown,1
investigate,3
holiday,1
rac,3
tabs,1
taps,1
joyful,1
streaks,2
histerically,1
exercised,1
athletics,1
punt,1
company,2
contraption,2
sheepdog,2
county,1
herd,1
snorkeling,1
scubba,1
almostpristine,1
traveler,1
junction,1
windshield,1
pause,1
uptop,1
docking,1
chained,4
explorer,1
starlet,1
hankerchief,1
pompadour,1
headphone,2
map,1
maps,1
directory,1
reviews,1
organized,1
burn,1
smoky,1
resembling,1
locomotives,1
dragsters,3
lionist,1
lion,2
cougar,1
masquerade,1
severe,1
dart,1
darkcolored,1
scrambling,2
keeper,1
converge,1
choice,1
pencils,1
decorate,1
kickflip,1
hardly,1
canes,1
chess,5
cacti,1
fiels,1
retrive,1
clibing,1
falcon,1
prey,2
hawk,1
persian,1
gazed,1
wets,1
icing,2
lip,4
knocking,1
ill,2
dip,1
isolated,1
hocke,1
santas,1
gandhi,1
gaze,1
ghandi,1
flung,3
skying,1
skisuit,1
cubby,1
cheeked,1
longlegged,1
aquatic,1
ashtray,1
dodge,1
dodgeball,2
gy,1
streamers,2
decortive,1
expressway,1
donates,1
panhandler,1
handout,1
knuckle,1
junglegym,1
sucks,2
tuft,1
dew,2
mountaindew,1
pensively,1
thinks,1
meter,4
bleak,1
bowing,1
locking,3
lock,2
locks,1
pol,2
knight,1
cutouts,4
holes,1
king,1
quee,1
region,2
stork,1
heron,2
alter,2
stamds,1
pring,1
beat,3
homebase,1
lacross,1
oppenents,1
snowshovel,1
sillouhette,1
countertop,3
snap,4
scrimmage,2
uncrowded,1
peacoat,1
laden,1
cascading,2
avoids,1
bodyboarder,1
evil,7
holing,1
somehow,1
punching,2
cbs,2
interviews,5
mic,1
question,1
tide,1
swept,1
knocked,1
yong,1
gatorade,1
furious,1
pyrotechnics,2
explosive,1
effects,1
explosions,1
gust,1
flurry,1
laborador,1
coyote,1
walkways,1
spaced,1
maple,1
prepairing,1
coppery,1
blondehaired,2
squeezes,1
syrup,1
spinart,1
jacks,1
bushels,1
established,1
indians,2
interviewed,3
nightlife,1
fairgrounds,1
farris,1
amuseument,2
mr,3
features,1
potao,1
dancefloor,1
dupar,1
swear,1
floatlys,1
letters,6
paneled,2
foliaged,1
juggle,1
fully,1
innertubes,2
roped,1
state,1
stag,1
crate,3
facepainted,1
granite,1
blasted,1
grownup,1
underpass,1
album,2
peoples,1
containers,1
bikins,1
wodden,1
baskers,1
waders,1
flyfishing,1
poll,1
mushrooms,1
longbearded,1
broad,1
brimmed,1
furtrimmed,1
skins,1
algae,1
doggy,1
picket,3
petterned,1
billiards,1
cue,1
retail,2
busines,1
closeou,1
underhang,1
rifle,1
enterance,1
library,4
fooling,1
lifesavers,1
segway,3
creamy,1
substance,1
frosting,2
motorcrossing,1
professionally,1
vibrant,1
vat,1
discovery,1
playy,1
backgroud,2
arrow,4
motorcycl,1
patiently,2
perforced,1
masonry,1
wispy,1
daylight,1
operated,1
smokestacks,1
sunsetting,1
hanglider,1
rectangle,1
twotone,1
rackets,1
extremely,1
staff,2
ou,1
manager,1
snarling,2
stages,1
landscaped,1
escorts,1
horsedrawn,1
shetland,1
currently,1
summersault,1
leafcovered,1
meanders,1
canooers,1
ponytails,2
tikes,1
stared,1
measuring,1
rodents,1
stingray,1
swam,1
mittened,1
cricketer,2
crocks,2
grating,1
drainpipe,1
grate,1
receiver,1
shading,1
protecting,1
search,1
frilly,2
princess,2
entertain,1
condoms,4
paraphernalia,1
distribute,1
promting,1
website,2
twirls,2
seventh,1
cin,1
weating,1
cleats,1
serveral,1
fanny,1
congregation,1
worshipping,1
worshippers,1
extravagant,1
waterbed,1
bungeetype,1
slingshot,1
fowl,1
pees,1
bmw,2
eagle,4
midai,1
grand,1
wav,4
sparrow,2
caribbean,1
doorag,1
drawn,3
seawall,1
churns,1
join,2
salt,1
halway,1
du,1
casque,1
obligatoire,1
pinches,1
possible,2
sequins,1
spangles,1
frolic,2
colonial,1
glee,1
surroundings,1
tophats,2
restroom,1
boatful,1
rafters,2
riverrapid,1
obstacl,1
aquestrian,1
bordering,1
autumnal,1
necks,2
bumble,1
mascot,6
assemble,1
build,1
agency,1
bathe,1
wigs,3
spouse,1
embroidered,1
chipmunk,1
roses,2
ducking,1
patchy,2
feed,1
swarming,1
intended,1
volleybal,1
mine,1
preserves,1
raf,1
eyeing,1
tilted,3
passenager,1
sidecar,6
forcing,1
smashed,1
cappedhills,1
canadian,1
desertlike,1
corners,2
win,1
stic,1
skateboardin,1
kinds,1
softdrinks,1
oclock,1
renaissance,1
victorian,1
times,2
spectating,1
boxe,1
snowstorm,2
directly,2
whipping,1
dripping,1
cigerette,1
graffitti,1
fli,1
surfaces,1
stroke,1
fantastic,1
marvel,1
bookshelf,2
bookshelves,1
dozes,1
fantasy,1
wax,1
foggyday,1
prow,1
washington,1
news,2
spanishstyle,1
pots,1
darkerskinned,1
melted,1
waing,1
persons,1
antelope,1
found,2
america,2
amount,1
wildebeast,1
trips,1
tackler,2
strand,1
strung,1
blasts,1
sending,1
cellphon,1
poncho,1
balconies,1
condominium,1
marinelifethemed,1
awaits,1
attampts,1
radio,1
flyer,3
inflatbale,1
seeking,1
humorous,1
rim,1
longboarder,1
steap,1
farward,1
ever,1
since,1
started,1
favorite,2
pinball,1
usual,1
fastfood,1
cheeseburger,1
hamburgers,6
scarfs,2
headwrap,2
happen,1
outfield,1
swoops,1
towing,1
huskylike,1
samoyads,1
waterspout,1
untouched,1
fireplug,1
hydrant,1
thinner,1
umpire,2
bowling,6
alle,1
shredding,1
headcover,1
choir,1
ensemble,1
utility,1
hosed,1
kilts,1
toe,4
flowerbed,1
firedancer,1
lame,1
cuddling,1
cower,1
brownstone,1
sheilding,1
berets,1
waterspouts,1
bubbling,1
comforts,1
barely,2
scantilyclad,1
observed,2
stan,1
treed,1
challenges,1
sunhat,1
unoccupied,1
santana,1
bras,1
climbed,1
uggs,1
locked,1
sponsorship,1
emblems,1
rights,1
twopiece,2
wrestilng,1
horn,4
banjo,2
rowed,1
circumvents,1
real,2
skii,1
steamy,1
rapid,1
kayacker,1
downstream,1
gettin,2
squated,1
am,1
ghost,1
busters,1
ghostbusters,2
ghostbuster,1
impersonators,1
perused,1
shoppers,2
section,2
products,3
browse,1
herbs,1
racks,1
bun,1
stonefilled,1
midpitch,1
profession,1
diferent,1
dis,1
foreheads,1
advertisment,1
magic,1
magicians,1
magician,1
butterflycatcher,1
stuntman,2
backbends,2
backstand,1
finley,2
introduces,1
twowheeled,1
invention,1
castles,1
carabiner,2
guide,3
attaches,1
tends,1
frying,1
lingers,1
brindlecolored,1
seabird,1
skyscrapers,1
changing,1
information,2
remove,1
replaces,1
marquee,2
flees,1
enforcement,1
agents,1
shaky,1
slat,1
driftrood,1
battons,1
twome,1
sync,1
practising,1
jersy,1
drumset,1
shreds,1
lobster,3
crustacean,1
halmets,1
present,1
kaki,1
shews,1
jewlery,1
crafts,1
braided,1
escalators,1
expressionless,1
responding,1
brindlecoated,1
ma,2
blueeyed,1
sunning,1
elf,1
orangish,1
boas,1
manequins,1
unpainted,1
jomps,1
lunches,1
compound,1
tumbles,1
wrecked,1
wrecks,1
tightropes,1
frayed,1
pawed,1
personal,1
womand,1
twp,1
ripping,1
ope,1
treading,1
ciff,1
excersizing,1
seagulls,6
fleeing,1
prison,1
zippered,1
tball,3
navel,1
cuddle,1
squad,1
then,1
racque,1
forwards,1
rollskating,1
easy,1
aided,1
midfield,1
brownandwhite,1
lightly,1
possibly,1
fishermen,1
orangesunset,1
closer,1
annoyed,1
aerobics,2
exercising,1
campfir,1
mortar,1
cannon,4
neoncolored,1
destination,1
lifevests,1
reveals,1
wristwatch,2
waterpark,1
centipede,4
caterpillar,1
burbur,1
yorkshire,2
rugged,2
detector,1
chief,1
justice,1
kneepads,1
gushing,1
allowing,1
planting,1
portland,2
oregon,2
certificates,2
diplomas,1
tyedyed,1
bitten,3
programs,1
bums,1
mission,1
stacking,1
dingo,1
fox,1
rustric,1
crotch,1
redbull,3
root,2
burgers,1
shake,1
monocolor,1
stucco,1
spotlight,4
gutarist,1
upfront,1
binoculars,5
att,1
fins,1
beauty,1
smiff,1
behinds,1
brickwall,1
juming,1
hospital,10
smell,2
perspective,2
numeral,1
swordsman,1
wanders,1
flattened,1
nech,1
planter,1
ion,1
yarn,1
fringe,1
garment,1
braiding,1
yarnlike,1
longdistance,1
types,1
everywher,1
coral,1
nt,2
zchtv,1
footage,1
protected,1
fending,1
representing,1
judge,2
beaver,1
mosque,1
mosquelike,1
longsleeved,1
goldenrod,1
handstands,1
sinking,2
rover,2
automobile,1
gains,1
blackgreen,1
hers,1
milkweed,1
pods,1
litle,1
bead,1
tribal,1
cruiser,1
earpiece,3
earphone,1
bluetooth,1
showered,1
screened,1
roofed,1
straggle,1
poorly,1
tupperware,1
bicycling,1
toyota,1
photographing,3
serves,2
opened,1
hobby,1
browsing,1
snowflake,1
compute,1
chasseing,1
dons,1
accent,1
adjust,2
worked,1
comfortable,1
whil,1
snoopy,2
buttoned,1
semiformal,1
rivers,1
rags,1
district,1
backgrounds,1
hairnet,1
fac,2
ruins,2
ruin,1
tiretracks,1
recording,1
taping,1
tumble,1
goth,1
buggy,2
judges,2
rates,1
microphones,1
rolled,3
redseated,1
excavating,1
scientist,1
artifacts,1
paleontologist,1
archeologist,1
soaker,1
dear,1
doe,1
fenc,2
oak,1
fronr,1
llama,3
beachgoers,3
crampons,1
scale,1
controls,2
overtop,1
dumping,1
angerly,1
glowers,1
barack,2
touts,1
filming,1
playroom,1
roots,1
orangehooded,1
fundraising,1
bloom,2
tripped,1
hooding,1
matt,1
valleys,1
stereo,1
buttonup,1
trams,1
flop,2
flipflop,1
contestants,1
badges,2
erupts,1
firecracker,1
completing,1
footballs,1
breakdances,1
seahorse,1
gettnig,1
redcarpeted,1
clasp,1
hovered,1
ripstik,1
blackstriped,1
sidewalks,1
joust,1
horsemen,1
tre,1
derby,4
scrubland,1
tier,1
submissive,1
girt,1
advertisements,1
solicits,1
stunning,1
olympic,2
medals,5
steal,1
stirred,1
classroom,1
attentively,1
mounds,2
snowbanks,1
global,1
perfomed,1
keepaway,1
guides,1
waterboard,1
shark,1
halfwa,1
dirtyblonde,1
dandelions,3
seed,1
steer,2
placid,1
cannonball,1
protruding,1
awe,1
bicylist,1
dimpled,1
ignore,1
dreeds,1
winces,1
wearubg,1
angry,1
spelunker,1
parachuter,1
tread,1
dupont,1
righ,1
wagging,1
fixtures,1
dirtbe,1
aboriginal,1
chiseling,1
hacking,1
motors,1
secluded,1
shorthair,1
vaste,1
upstream,1
smu,2
liking,1
nip,1
cds,1
allmale,1
include,1
blank,1
care,1
armful,1
pinkcoated,1
windbreaker,1
mike,1
paraglide,1
sveral,1
visits,1
amish,3
sect,1
plling,1
mattress,1
downriver,1
sleeve,4
swingtype,1
mommy,1
wii,1
dge,1
veil,3
foreigners,1
heavymetal,1
studded,1
laceup,1
rocker,2
bagpipers,2
moutainside,1
anchored,1
graffitiheavy,1
sash,1
approached,1
lanterns,1
peanut,5
butter,5
slipper,4
ankledeep,1
toes,1
mature,1
competitors,1
bash,1
sushi,1
headwear,1
rellow,1
bac,1
direct,1
flaggers,1
wavy,1
budweisersponsored,1
accelerates,1
dragster,1
budweiser,1
speedway,1
spewing,1
whack,2
mole,1
em,1
whacking,1
aliens,1
cautiously,1
sure,1
unfurling,1
acoustic,1
accompanying,1
gigolo,4
bursting,1
greenbay,1
packer,1
packers,1
swinger,1
tge,1
parrot,3
tanktop,1
thank,1
angel,2
waling,1
repel,1
milling,1
snowploe,1
plow,2
plows,1
manually,1
bounced,2
fives,1
id,1
burnt,1
cine,1
steadies,1
rosy,1
nat,1
sifting,1
barrior,1
roman,2
flares,1
walkman,1
powerboats,1
aboard,1
armor,1
drove,1
motorists,1
oddly,1
designed,1
tour,2
atheletes,1
waterline,1
casuallydressed,1
risen,1
strains,1
yougn,1
tucking,1
troll,1
thie,1
griding,1
winte,1
excitement,1
highfives,2
mannequin,1
highfiving,1
enthusiastic,1
wanting,1
dressing,1
jaywalk,1
taxis,1
angels,4
snowsuits,1
bellysmacker,1
lodge,1
barber,2
arrangement,1
vase,1
mistletoe,1
skiny,1
objective,1
saffron,1
solid,1
sculptures,1
coasts,1
noy,1
cocker,1
spaniels,1
creepy,1
youths,1
flippers,2
feathery,1
defaced,1
graffit,1
entitled,1
promotional,1
fumble,1
aggresively,1
defender,1
wmoan,1
midclimb,1
maintain,1
fingerhold,1
straining,3
nordic,1
thrust,1
campflauge,1
cami,1
anklehigh,1
ant,1
seyeview,1
brawl,1
amplifier,1
tentlike,1
grotto,1
interior,1
lavender,1
puzzled,1
entertainment,1
texts,1
bullhorn,2
megaphone,1
handkerchiefs,1
adolescents,1
sales,1
merchant,1
movers,1
passers,1
secondstory,1
pulleys,1
circling,1
harvest,1
brave,1
saver,1
hods,1
orangestained,1
judo,1
fightin,1
shepherds,1
nurses,2
pups,2
momma,1
loading,1
dumpsters,1
summi,1
sick,1
divind,1
iceburg,1
ump,1
pockets,1
whee,1
unsual,1
lemons,1
press,1
squeezed,1
lemonade,1
tufts,1
uneven,1
withered,1
brides,1
spitting,2
spits,2
confronted,1
opposition,1
advance,1
would,1
mansion,1
euro,1
plats,1
chestnut,1
pace,1
gallop,1
proped,1
flyaway,1
fluid,1
backsides,1
faith,1
manmade,1
bullseye,1
archer,1
trows,1
airfilled,2
blackblue,1
sundown,1
ups,1
pushup,1
lif,1
operates,1
corral,1
equipments,1
pincer,1
sprawls,1
ringing,3
bell,2
doorbell,2
preparation,1
gar,1
parklike,1
hopper,4
whitemetal,1
propels,1
moutains,1
ferris,1
towheaded,1
playgrou,1
redskins,1
scare,1
glares,1
docks,1
nails,1
oiled,1
suntan,1
lotion,1
suntannin,1
honest,1
trade,3
poem,3
offering,3
giants,2
poems,1
desperate,1
creative,1
garner,1
profusely,1
gleefully,1
iceskating,1
scarred,1
playtoy,1
dobermans,1
font,1
scattered,1
lost,1
kawasaki,2
toothbrush,3
ropey,1
crag,1
partition,1
railgrind,1
handrails,1
spare,1
tried,1
longeared,1
posign,1
loaves,1
jeeps,5
villages,1
scored,1
snowfall,1
chewedup,1
companions,1
drak,1
ballthrower,1
bomber,1
earflaps,1
sombody,1
groucho,1
carpeting,1
slalomlike,1
peddal,1
national,1
anthem,1
bout,1
dirtracing,1
grandmother,1
served,2
placemats,1
tankini,1
